Année,Pays,Code Pays,"Espérance de vie à la naissance, hommes (années)",Dépenses publiques générales de santé (% des dépenses courantes de santé)
2000,Afrique du Sud,ZAF,55.415,36.59454346
2000,Allemagne,DEU,75,78.20057678
2000,Brésil,BRA,66.347,41.63555527
2000,Canada,CAN,76.64,72.85163879
2000,Chine,CHN,69.85,21.97528839
2000,Chili,CHL,74.021,35.79472351
2000,Corée du Sud,KOR,72.3,50.6124382
2000,Côte d'Ivoire,CIV,50.313,14.66436768
2000,Espagne,ESP,75.6,71.62882996
2000,France,FRA,75.3,72.7290802
2000,Inde,IND,61.76,20.68014336
2000,Indonésie,IDN,64.61,29.66810417
2000,Iran,IRN,67.839,37.70975113
2000,Japon,JPN,77.72,80.43052673
2000,Maroc,MAR,65.13,25.35758781
2000,Mexique,MEX,70.139,45.21740723
2000,Nigeria,NGA,46.255,18.31479263
2000,Pérou,PER,68.148,53.02311325
2000,Royaume-Uni,GBR,75.4,75.79853058
2000,Russie,RUS,59.03,59.35673141
2000,Sénégal,SEN,56.091,35.28704834
2000,Suède,SWE,77.4,84.47544098
2000,Suisse,CHE,76.9,28.56611252
2000,Togo,TGO,53.842,10.710289
2000,Turquie,TUR,68.679,61.67596436
2000,États-Unis,USA,74.1,44.377491
2001,Afrique du Sud,ZAF,54.583,33.73316193
2001,Allemagne,DEU,75.5,78.17251587
2001,Brésil,BRA,66.699,41.08930588
2001,Canada,CAN,76.92,72.80158234
2001,Chine,CHN,70.235,22.91764259
2001,Chili,CHL,74.491,36.36408615
2001,Corée du Sud,KOR,72.9,54.16914368
2001,Côte d'Ivoire,CIV,50.432,12.79208946
2001,Espagne,ESP,76.1,71.29899597
2001,France,FRA,75.5,72.75836945
2001,Inde,IND,62.102,18.87691307
2001,Indonésie,IDN,64.899,36.45111847
2001,Iran,IRN,68.309,38.25937271
2001,Japon,JPN,78.07,80.96408081
2001,Maroc,MAR,65.551,26.27703476
2001,Mexique,MEX,70.562,43.75762177
2001,Nigeria,NGA,46.869,26.89140511
2001,Pérou,PER,68.59,52.43683243
2001,Royaume-Uni,GBR,75.7,75.8004303
2001,Russie,RUS,58.92,58.04123306
2001,Sénégal,SEN,56.559,38.45635605
2001,Suède,SWE,77.6,82.15294647
2001,Suisse,CHE,77.4,29.96567726
2001,Togo,TGO,54.071,11.58038902
2001,Turquie,TUR,69.034,67.25136566
2001,États-Unis,USA,74.3,45.32390976
2002,Afrique du Sud,ZAF,53.215,34.52814102
2002,Allemagne,DEU,75.4,77.82165527
2002,Brésil,BRA,67.085,42.38710403
2002,Canada,CAN,77.16,72.43798828
2002,Chine,CHN,70.587,25.38583565
2002,Chili,CHL,74.682,37.54184723
2002,Corée du Sud,KOR,73.4,54.75157166
2002,Côte d'Ivoire,CIV,50.621,13.84633636
2002,Espagne,ESP,76.3,71.31015778
2002,France,FRA,75.7,73.0019989
2002,Inde,IND,62.515,18.1644249
2002,Indonésie,IDN,65.229,34.0422821
2002,Iran,IRN,68.835,39.26384735
2002,Japon,JPN,78.32,80.75297546
2002,Maroc,MAR,65.953,26.62359238
2002,Mexique,MEX,70.805,42.68946838
2002,Nigeria,NGA,47.501,21.33314896
2002,Pérou,PER,68.977,51.07707214
2002,Royaume-Uni,GBR,75.9,76.7337265
2002,Russie,RUS,58.68,58.29951859
2002,Sénégal,SEN,57.199,33.89720917
2002,Suède,SWE,77.7,82.5721283
2002,Suisse,CHE,77.8,31.36301231
2002,Togo,TGO,54.402,12.08118534
2002,Turquie,TUR,69.38,69.9743576
2002,États-Unis,USA,74.4,45.2008667
2003,Afrique du Sud,ZAF,51.993,39.63604355
2003,Allemagne,DEU,75.6,77.40776062
2003,Brésil,BRA,67.558,42.85684204
2003,Canada,CAN,77.32,73.13981628
2003,Chine,CHN,70.931,28.37373734
2003,Chili,CHL,74.978,38.24768829
2003,Corée du Sud,KOR,73.8,50.26135635
2003,Côte d'Ivoire,CIV,50.579,13.04556465
2003,Espagne,ESP,76.4,71.10388947
2003,France,FRA,75.7,72.63542175
2003,Inde,IND,62.882,18.71640396
2003,Indonésie,IDN,65.438,36.37522888
2003,Iran,IRN,68.392,39.40636063
2003,Japon,JPN,78.36,79.96381378
2003,Maroc,MAR,66.349,24.45622253
2003,Mexique,MEX,71.042,41.50918961
2003,Nigeria,NGA,48.173,18.39930725
2003,Pérou,PER,69.348,50.92121124
2003,Royaume-Uni,GBR,76.3,78.18147278
2003,Russie,RUS,58.53,58.09910583
2003,Sénégal,SEN,57.722,35.94266891
2003,Suède,SWE,77.9,83.13002014
2003,Suisse,CHE,78,31.40574074
2003,Togo,TGO,54.702,13.17211437
2003,Turquie,TUR,69.682,71.20713043
2003,États-Unis,USA,74.5,44.97462082
2004,Afrique du Sud,ZAF,51.915,39.36867523
2004,Allemagne,DEU,75.9,75.89346313
2004,Brésil,BRA,68.019,42.67027283
2004,Canada,CAN,77.68,73.06193542
2004,Chine,CHN,71.27,30.2440052
2004,Chili,CHL,75.415,39.46642303
2004,Corée du Sud,KOR,74.3,50.72609329
2004,Côte d'Ivoire,CIV,50.969,13.92349815
2004,Espagne,ESP,76.7,71.31984711
2004,France,FRA,76.7,72.64557648
2004,Inde,IND,63.221,17.98241234
2004,Indonésie,IDN,64.08,35.34217453
2004,Iran,IRN,69.841,36.43323898
2004,Japon,JPN,78.64,80.27420044
2004,Maroc,MAR,66.695,23.88543892
2004,Mexique,MEX,71.174,43.45798111
2004,Nigeria,NGA,48.782,25.94121552
2004,Pérou,PER,69.383,52.00289536
2004,Royaume-Uni,GBR,76.6,80.08615112
2004,Russie,RUS,58.91,58.76708984
2004,Sénégal,SEN,58.601,35.61400986
2004,Suède,SWE,78.4,82.69110107
2004,Suisse,CHE,78.6,30.88531685
2004,Togo,TGO,54.992,14.76910496
2004,Turquie,TUR,70.037,71.70464325
2004,États-Unis,USA,75,45.42254257
2005,Afrique du Sud,ZAF,52.088,40.00241852
2005,Allemagne,DEU,76.2,75.67469025
2005,Brésil,BRA,68.485,41.63145828
2005,Canada,CAN,77.82,73.03554535
2005,Chine,CHN,71.595,32.75773621
2005,Chili,CHL,75.589,39.34249496
2005,Corée du Sud,KOR,74.9,51.20354462
2005,Côte d'Ivoire,CIV,51.356,13.3393364
2005,Espagne,ESP,77,71.58415985
2005,France,FRA,76.7,72.54794312
2005,Inde,IND,63.608,20.12672806
2005,Indonésie,IDN,65.794,28.91632652
2005,Iran,IRN,70.299,36.86399078
2005,Japon,JPN,78.56,81.16796112
2005,Maroc,MAR,67.112,25.20932388
2005,Mexique,MEX,71.35,42.23654556
2005,Nigeria,NGA,48.994,25.55648804
2005,Pérou,PER,69.896,54.9895668
2005,Royaume-Uni,GBR,77,81.23471069
2005,Russie,RUS,58.92,61.14411545
2005,Sénégal,SEN,59.345,43.40821457
2005,Suède,SWE,78.4,82.29276276
2005,Suisse,CHE,78.7,31.04800797
2005,Togo,TGO,55.307,15.63836765
2005,Turquie,TUR,70.304,67.74803925
2005,États-Unis,USA,75,45.47619629
2006,Afrique du Sud,ZAF,52.233,46.9732132
2006,Allemagne,DEU,76.4,75.23641205
2006,Brésil,BRA,68.953,42.92739105
2006,Canada,CAN,78.29,69.50933075
2006,Chine,CHN,71.904,35.13990021
2006,Chili,CHL,75.797,41.34890747
2006,Corée du Sud,KOR,75.4,53.08713913
2006,Côte d'Ivoire,CIV,51.882,14.19835758
2006,Espagne,ESP,77.7,72.09972382
2006,France,FRA,77.3,71.27339935
2006,Inde,IND,63.989,20.50615883
2006,Indonésie,IDN,65.929,31.71804619
2006,Iran,IRN,70.796,41.67243958
2006,Japon,JPN,79,80.3215332
2006,Maroc,MAR,67.469,28.51291847
2006,Mexique,MEX,71.442,42.8270874
2006,Nigeria,NGA,49.326,21.18177032
2006,Pérou,PER,70.225,50.25803757
2006,Royaume-Uni,GBR,77.2,82.42418671
2006,Russie,RUS,60.43,61.72977448
2006,Sénégal,SEN,60.116,46.75199127
2006,Suède,SWE,78.7,82.35673523
2006,Suisse,CHE,79.1,30.60895157
2006,Togo,TGO,55.661,16.78297043
2006,Turquie,TUR,70.637,68.85150146
2006,États-Unis,USA,75.2,46.30744171
2007,Afrique du Sud,ZAF,52.715,47.79261017
2007,Allemagne,DEU,76.9,75.1645813
2007,Brésil,BRA,69.368,42.48596954
2007,Canada,CAN,78.29,69.67121887
2007,Chine,CHN,72.326,39.02609253
2007,Chili,CHL,75.996,42.25885391
2007,Corée du Sud,KOR,75.9,54.95320511
2007,Côte d'Ivoire,CIV,52.353,16.20634651
2007,Espagne,ESP,77.8,72.30304718
2007,France,FRA,77.6,71.09663391
2007,Inde,IND,64.373,20.89888573
2007,Indonésie,IDN,66.138,36.07474518
2007,Iran,IRN,71.252,39.82310104
2007,Japon,JPN,79.19,81.24928284
2007,Maroc,MAR,67.954,29.45763969
2007,Mexique,MEX,71.425,43.81832123
2007,Nigeria,NGA,49.835,19.91349602
2007,Pérou,PER,70.697,48.6721344
2007,Royaume-Uni,GBR,77.4,80.55930328
2007,Russie,RUS,61.46,62.05422592
2007,Sénégal,SEN,60.974,38.61841202
2007,Suède,SWE,78.9,82.51585388
2007,Suisse,CHE,79.4,30.71067238
2007,Togo,TGO,55.955,16.17987823
2007,Turquie,TUR,70.975,68.78373718
2007,États-Unis,USA,75.5,46.34019089
2008,Afrique du Sud,ZAF,53.511,47.35287857
2008,Allemagne,DEU,77.2,75.27427673
2008,Brésil,BRA,69.733,43.74353027
2008,Canada,CAN,78.51,69.83197021
2008,Chine,CHN,72.361,44.5223999
2008,Chili,CHL,76.165,43.52520752
2008,Corée du Sud,KOR,76.2,54.07963181
2008,Côte d'Ivoire,CIV,52.856,16.41953278
2008,Espagne,ESP,78.2,73.28400421
2008,France,FRA,77.8,70.62645721
2008,Inde,IND,64.778,22.62734604
2008,Indonésie,IDN,66.296,35.23404312
2008,Iran,IRN,71.682,37.07612228
2008,Japon,JPN,79.29,81.17062378
2008,Maroc,MAR,68.413,31.03666687
2008,Mexique,MEX,71.249,45.91357803
2008,Nigeria,NGA,50.293,17.87425423
2008,Pérou,PER,70.597,48.09112167
2008,Royaume-Uni,GBR,77.6,81.30020142
2008,Russie,RUS,61.92,62.62738037
2008,Sénégal,SEN,61.457,39.55493164
2008,Suède,SWE,79.1,82.50144958
2008,Suisse,CHE,79.7,31.60577965
2008,Togo,TGO,56.282,16.04459
2008,Turquie,TUR,71.246,72.69304657
2008,États-Unis,USA,75.6,47.49167633
2009,Afrique du Sud,ZAF,54.816,49.73912811
2009,Allemagne,DEU,77.3,75.65245056
2009,Brésil,BRA,70.076,44.16326523
2009,Canada,CAN,78.91,70.27241516
2009,Chine,CHN,72.801,49.39831543
2009,Chili,CHL,76.424,46.86124802
2009,Corée du Sud,KOR,76.7,55.21017838
2009,Côte d'Ivoire,CIV,53.325,18.04951096
2009,Espagne,ESP,78.5,75.07225037
2009,France,FRA,78,70.67965698
2009,Inde,IND,65.203,25.6102047
2009,Indonésie,IDN,66.495,35.13375854
2009,Iran,IRN,72.074,36.65011978
2009,Japon,JPN,79.59,81.29418182
2009,Maroc,MAR,68.844,32.63605118
2009,Mexique,MEX,71.099,46.66847229
2009,Nigeria,NGA,50.585,15.92125893
2009,Pérou,PER,70.471,50.36197662
2009,Royaume-Uni,GBR,78.1,82.75730896
2009,Russie,RUS,62.87,62.06686401
2009,Sénégal,SEN,61.781,36.61406708
2009,Suède,SWE,79.4,82.51391602
2009,Suisse,CHE,79.8,32.14887238
2009,Togo,TGO,56.571,17.3802681
2009,Turquie,TUR,71.555,80.49878693
2009,États-Unis,USA,76,48.59148026
2010,Afrique du Sud,ZAF,56.197,51.32851791
2010,Allemagne,DEU,77.5,75.68952179
2010,Brésil,BRA,70.392,45.02125168
2010,Canada,CAN,79.21,69.93920898
2010,Chine,CHN,73.191,51.90623093
2010,Chili,CHL,76.607,47.10449982
2010,Corée du Sud,KOR,76.8,55.44929504
2010,Côte d'Ivoire,CIV,53.814,18.36027718
2010,Espagne,ESP,78.7,74.44487
2010,France,FRA,78.2,70.44328308
2010,Inde,IND,65.644,26.20631409
2010,Indonésie,IDN,66.571,23.68755341
2010,Iran,IRN,72.462,32.35562897
2010,Japon,JPN,79.55,81.92724609
2010,Maroc,MAR,69.238,32.13038635
2010,Mexique,MEX,71.121,50.21874619
2010,Nigeria,NGA,50.853,13.60430336
2010,Pérou,PER,70.704,51.89738464
2010,Royaume-Uni,GBR,78.5,82.1092453
2010,Russie,RUS,63.09,61.37906647
2010,Sénégal,SEN,62.264,28.84072113
2010,Suède,SWE,79.5,82.48825073
2010,Suisse,CHE,80.1,33.40800095
2010,Togo,TGO,56.887,25.92962646
2010,Turquie,TUR,71.903,77.99839783
2010,États-Unis,USA,76.2,48.96047974
2011,Afrique du Sud,ZAF,57.735,51.8671875
2011,Allemagne,DEU,77.9,75.41264343
2011,Brésil,BRA,70.654,44.49915695
2011,Canada,CAN,79.39,70.28756714
2011,Chine,CHN,73.334,53.72208786
2011,Chili,CHL,76.882,47.15742111
2011,Corée du Sud,KOR,77.3,54.83106613
2011,Côte d'Ivoire,CIV,54.445,13.18704987
2011,Espagne,ESP,79.5,73.48394775
2011,France,FRA,78.7,70.20536041
2011,Inde,IND,66.094,28.87308502
2011,Indonésie,IDN,66.793,23.47972488
2011,Iran,IRN,72.826,33.35521317
2011,Japon,JPN,79.44,83.74062347
2011,Maroc,MAR,69.605,33.68819046
2011,Mexique,MEX,71.292,52.8038826
2011,Nigeria,NGA,51.108,14.43568802
2011,Pérou,PER,71.221,50.9587326
2011,Royaume-Uni,GBR,79,81.89524078
2011,Russie,RUS,64.04,62.65058899
2011,Sénégal,SEN,62.785,31.05285454
2011,Suède,SWE,79.9,84.48171234
2011,Suisse,CHE,80.5,33.81782913
2011,Togo,TGO,57.308,23.51516342
2011,Turquie,TUR,71.758,79.12835693
2011,États-Unis,USA,76.3,49.13611984
2012,Afrique du Sud,ZAF,58.714,51.72668076
2012,Allemagne,DEU,78.1,75.43839264
2012,Brésil,BRA,70.945,43.36180878
2012,Canada,CAN,79.61,70.57069397
2012,Chine,CHN,73.624,55.7352562
2012,Chili,CHL,76.901,47.93560791
2012,Corée du Sud,KOR,77.6,54.76087189
2012,Côte d'Ivoire,CIV,55.013,16.85137749
2012,Espagne,ESP,79.5,72.11362457
2012,France,FRA,78.7,70.29095459
2012,Inde,IND,66.544,27.98948097
2012,Indonésie,IDN,67.002,26.32730865
2012,Iran,IRN,73.184,34.30874634
2012,Japon,JPN,79.94,83.93068695
2012,Maroc,MAR,69.94,34.34552383
2012,Mexique,MEX,71.5,53.0821228
2012,Nigeria,NGA,51.345,16.20215034
2012,Pérou,PER,71.822,52.48008347
2012,Royaume-Uni,GBR,79.1,81.02267456
2012,Russie,RUS,64.56,63.70746231
2012,Sénégal,SEN,63.209,28.5742054
2012,Suède,SWE,79.9,84.21655273
2012,Suisse,CHE,80.6,34.53272247
2012,Togo,TGO,57.608,25.1240921
2012,Turquie,TUR,72.477,79.17140961
2012,États-Unis,USA,76.4,48.84739304
2013,Afrique du Sud,ZAF,59.233,51.15374756
2013,Allemagne,DEU,78.1,76.41500092
2013,Brésil,BRA,71.246,44.51945496
2013,Canada,CAN,79.74,70.96649933
2013,Chine,CHN,73.881,57.05029297
2013,Chili,CHL,77.302,47.6493454
2013,Corée du Sud,KOR,78.1,55.0239563
2013,Côte d'Ivoire,CIV,55.462,19.57717896
2013,Espagne,ESP,80.2,71.01255035
2013,France,FRA,79,70.22327423
2013,Inde,IND,66.97,23.0712204
2013,Indonésie,IDN,67.16,28.4687748
2013,Iran,IRN,73.509,38.49046707
2013,Japon,JPN,80.21,84.26091003
2013,Maroc,MAR,70.381,34.77407074
2013,Mexique,MEX,71.721,53.75115967
2013,Nigeria,NGA,51.466,14.30348778
2013,Pérou,PER,72.401,56.08006287
2013,Royaume-Uni,GBR,79.2,79.57145691
2013,Russie,RUS,65.13,62.38064194
2013,Sénégal,SEN,63.613,26.69496155
2013,Suède,SWE,80.2,84.02001953
2013,Suisse,CHE,80.7,33.6593895
2013,Togo,TGO,58.029,20.06999588
2013,Turquie,TUR,73.118,78.34962463
2013,États-Unis,USA,76.4,49.52059937
2014,Afrique du Sud,ZAF,59.91,55.56298065
2014,Allemagne,DEU,78.7,77.02052307
2014,Brésil,BRA,71.462,44.05274582
2014,Canada,CAN,79.76,70.80599213
2014,Chine,CHN,74.119,58.4154892
2014,Chili,CHL,77.414,47.73588562
2014,Corée du Sud,KOR,78.6,54.91963959
2014,Côte d'Ivoire,CIV,56.268,20.84157753
2014,Espagne,ESP,80.4,70.27007294
2014,France,FRA,79.5,70.24649811
2014,Inde,IND,67.416,23.66404152
2014,Indonésie,IDN,67.353,33.48835373
2014,Iran,IRN,73.802,50.37070847
2014,Japon,JPN,80.5,84.11785889
2014,Maroc,MAR,70.796,38.73244095
2014,Mexique,MEX,71.877,52.08169937
2014,Nigeria,NGA,51.565,13.3177433
2014,Pérou,PER,73.07,59.86446381
2014,Royaume-Uni,GBR,79.5,80.16641998
2014,Russie,RUS,65.29,61.7865448
2014,Sénégal,SEN,64.041,24.60432434
2014,Suède,SWE,80.4,84.02825928
2014,Suisse,CHE,81.1,33.79611588
2014,Togo,TGO,58.47,20.35354614
2014,Turquie,TUR,73.443,77.60512543
2014,États-Unis,USA,76.5,50.78931427
2015,Afrique du Sud,ZAF,60.802,57.07562637
2015,Allemagne,DEU,78.3,76.97098541
2015,Brésil,BRA,71.818,43.25645828
2015,Canada,CAN,79.86,70.9001236
2015,Chine,CHN,74.365,60.1810112
2015,Chili,CHL,77.689,48.01672745
2015,Corée du Sud,KOR,79,54.7726059
2015,Côte d'Ivoire,CIV,56.731,24.98393059
2015,Espagne,ESP,80.1,71.32117462
2015,France,FRA,79.2,72.0532074
2015,Inde,IND,67.827,25.64012909
2015,Indonésie,IDN,67.584,39.59934235
2015,Iran,IRN,74.072,48.96747589
2015,Japon,JPN,80.75,84.08298492
2015,Maroc,MAR,71.172,38.83265686
2015,Mexique,MEX,71.883,52.20096588
2015,Nigeria,NGA,51.626,16.44574738
2015,Pérou,PER,73.556,61.22732925
2015,Royaume-Uni,GBR,79.2,80.3903656
2015,Russie,RUS,65.92,58.71852493
2015,Sénégal,SEN,64.589,24.62842751
2015,Suède,SWE,80.4,83.96099091
2015,Suisse,CHE,80.8,33.60396957
2015,Togo,TGO,58.923,14.86722469
2015,Turquie,TUR,73.481,78.13336182
2015,États-Unis,USA,76.3,51.39220428
2016,Afrique du Sud,ZAF,61.332,56.59904099
2016,Allemagne,DEU,78.6,77.31024933
2016,Brésil,BRA,71.716,43.05796051
2016,Canada,CAN,79.94,69.8986969
2016,Chine,CHN,74.575,58.1014328
2016,Chili,CHL,78.008,49.65286255
2016,Corée du Sud,KOR,79.3,55.77734375
2016,Côte d'Ivoire,CIV,57.176,25.68556023
2016,Espagne,ESP,80.5,71.55826569
2016,France,FRA,79.5,74.8493576
2016,Inde,IND,68.231,26.83841324
2016,Indonésie,IDN,67.781,45.52692032
2016,Iran,IRN,74.302,44.92891693
2016,Japon,JPN,80.98,84.03720856
2016,Maroc,MAR,71.501,39.37893295
2016,Mexique,MEX,71.738,51.27971649
2016,Nigeria,NGA,51.939,13.0209322
2016,Pérou,PER,73.803,62.12892532
2016,Royaume-Uni,GBR,79.4,80.98995209
2016,Russie,RUS,66.5,56.95004654
2016,Sénégal,SEN,64.939,25.09403038
2016,Suède,SWE,80.6,84.2623291
2016,Suisse,CHE,81.7,33.75424576
2016,Togo,TGO,59.414,14.8777132
2016,Turquie,TUR,73.49,78.44212341
2016,États-Unis,USA,76.1,51.22367477
2017,Afrique du Sud,ZAF,61.98,57.23299789
2017,Allemagne,DEU,78.7,77.67327881
2017,Brésil,BRA,72.069,41.73838425
2017,Canada,CAN,79.73,69.67433167
2017,Chine,CHN,74.448,56.67334747
2017,Chili,CHL,78.401,50.39948273
2017,Corée du Sud,KOR,79.7,56.62443924
2017,Côte d'Ivoire,CIV,57.622,28.72467422
2017,Espagne,ESP,80.6,70.51345062
2017,France,FRA,79.6,75.59355927
2017,Inde,IND,68.61,32.94804382
2017,Indonésie,IDN,67.971,46.47950745
2017,Iran,IRN,74.546,46.04753494
2017,Japon,JPN,81.09,84.21469116
2017,Maroc,MAR,71.787,39.70824814
2017,Mexique,MEX,71.5,50.53536606
2017,Nigeria,NGA,52.145,14.2133503
2017,Pérou,PER,73.773,62.73608398
2017,Royaume-Uni,GBR,79.5,80.54899597
2017,Russie,RUS,67.51,57.08874893
2017,Sénégal,SEN,65.276,24.27260017
2017,Suède,SWE,80.8,84.70674133
2017,Suisse,CHE,81.6,33.69115067
2017,Togo,TGO,59.858,16.14229012
2017,Turquie,TUR,73.957,77.71027374
2017,États-Unis,USA,76.1,51.20405197
2018,Afrique du Sud,ZAF,62.296,57.04348755
2018,Allemagne,DEU,78.6,77.33882904
2018,Brésil,BRA,72.365,41.09182358
2018,Canada,CAN,79.76,69.66168976
2018,Chine,CHN,75.034,56.41641998
2018,Chili,CHL,78.323,51.24023056
2018,Corée du Sud,KOR,79.7,57.17775345
2018,Côte d'Ivoire,CIV,58.063,29.06596375
2018,Espagne,ESP,80.7,70.22999573
2018,France,FRA,79.7,75.53427124
2018,Inde,IND,68.973,34.29247284
2018,Indonésie,IDN,68.062,48.67710495
2018,Iran,IRN,74.738,44.42048645
2018,Japon,JPN,81.25,83.77095032
2018,Maroc,MAR,72.036,40.19128036
2018,Mexique,MEX,71.422,49.62833023
2018,Nigeria,NGA,52.415,16.09827423
2018,Pérou,PER,73.89,62.03506088
2018,Royaume-Uni,GBR,79.5,79.92076111
2018,Russie,RUS,67.75,59.45658112
2018,Sénégal,SEN,65.59,25.24784088
2018,Suède,SWE,80.9,84.78461456
2018,Suisse,CHE,81.9,33.51978683
2018,Togo,TGO,60.4,16.74621964
2018,Turquie,TUR,74.385,77.38227081
2018,États-Unis,USA,76.2,51.49744415
2019,Afrique du Sud,ZAF,62.696,58.20709991
2019,Allemagne,DEU,79,77.19599915
2019,Brésil,BRA,72.653,40.74077988
2019,Canada,CAN,80.11,69.50235748
2019,Chine,CHN,75.303,55.97903824
2019,Chili,CHL,78.098,51.2644577
2019,Corée du Sud,KOR,80.3,57.82999802
2019,Côte d'Ivoire,CIV,58.493,30.20500565
2019,Espagne,ESP,81.1,70.51312256
2019,France,FRA,79.9,74.91199493
2019,Inde,IND,69.312,35.0661087
2019,Indonésie,IDN,68.325,48.56188965
2019,Iran,IRN,74.987,44.46880341
2019,Japon,JPN,81.41,83.96395111
2019,Maroc,MAR,72.253,40.50637817
2019,Mexique,MEX,71.587,49.16729355
2019,Nigeria,NGA,52.769,15.73634243
2019,Pérou,PER,74.106,63.24930573
2019,Royaume-Uni,GBR,79.554,79.94097137
2019,Russie,RUS,68.24,61.1519165
2019,Sénégal,SEN,65.859,23.52870941
2019,Suède,SWE,81.5,85.12414551
2019,Suisse,CHE,82.1,33.5100174
2019,Togo,TGO,60.887,15.077075
2019,Turquie,TUR,74.678,77.68532562
2019,États-Unis,USA,76.3,51.86899948
2020,Afrique du Sud,ZAF,62.174,64.78907776
2020,Allemagne,DEU,78.7,78.70727539
2020,Brésil,BRA,71.537,43.35228729
2020,Canada,CAN,79.34,73.79806519
2020,Chine,CHN,75.245,54.72392273
2020,Chili,CHL,76.76,56.51040649
2020,Corée du Sud,KOR,80.5,59.32291031
2020,Côte d'Ivoire,CIV,58.242,36.75761032
2020,Espagne,ESP,79.5,73.17020416
2020,France,FRA,79.2,76.59496307
2020,Inde,IND,68.529,36.25336838
2020,Indonésie,IDN,66.644,55.17206192
2020,Iran,IRN,72.217,51.421772
2020,Japon,JPN,81.56,85.1534729
2020,Maroc,MAR,70.852,44.09963226
2020,Mexique,MEX,66.89,52.88224792
2020,Nigeria,NGA,52.707,14.96697235
2020,Pérou,PER,70.397,68.53755951
2020,Royaume-Uni,GBR,78.362,85.02536011
2020,Russie,RUS,66.49,73.57527161
2020,Sénégal,SEN,65.485,33.42175674
2020,Suède,SWE,80.6,86.17955017
2020,Suisse,CHE,81,35.90325165
2020,Togo,TGO,60.781,14.74263954
2020,Turquie,TUR,73.441,78.84537506
2020,États-Unis,USA,74.2,57.04175568
2021,Afrique du Sud,ZAF,59.193,63.46336746
2021,Allemagne,DEU,78.4,79.08522034
2021,Brésil,BRA,69.81,44.69210815
2021,Canada,CAN,79.19,72.96011353
2021,Chine,CHN,75.486,54.06824493
2021,Chili,CHL,76.348,53.66268158
2021,Corée du Sud,KOR,80.6,60.65415573
2021,Côte d'Ivoire,CIV,58.496,42.2668457
2021,Espagne,ESP,80.3,73.70912933
2021,France,FRA,79.3,75.81291199
2021,Inde,IND,65.87,40.39885712
2021,Indonésie,IDN,65.546,59.41187668
2021,Iran,IRN,71.951,55.23709869
2021,Japon,JPN,81.47,85.18865967
2021,Maroc,MAR,71.299,40.90240479
2021,Mexique,MEX,66.232,50.09624481
2021,Nigeria,NGA,53.163,13.27266693
2021,Pérou,PER,68.82,66.88330078
2021,Royaume-Uni,GBR,78.72,84.31277466
2021,Russie,RUS,65.51,69.56000519
2021,Sénégal,SEN,64.923,27.03209496
2021,Suède,SWE,81.3,86.07830811
2021,Suisse,CHE,81.8,35.84143829
2021,Togo,TGO,61.051,9.93372917
2021,Turquie,TUR,72.719,78.80183411
2021,États-Unis,USA,73.5,55.33708954
