Années;Pays;Cancer_thyroïde;Cancer_Estomac;Cancer_Utérus;Cancer_Foie;Cancer_Sein;Cancer_Testicule;VIH/SIDA
2000;Afrique du Sud;6.693355667573881;131.69740759959402;15.423896896154572;131.7706791525801;176.7596967958518;5.076180865815349;21126.732715206592
2001;Afrique du Sud;6.608833135136202;127.52404891593936;15.438782551643609;129.3307770826055;172.0188486584449;4.962910183280386;24856.531168022346
2002;Afrique du Sud;6.5393353447439235;124.3748733438572;15.400269381957536;127.49296416838096;170.40708373017918;4.924795788528271;28413.65915623821
2003;Afrique du Sud;6.551281044266499;121.63820082404357;15.357450104402185;124.88133038652116;170.71111323377886;4.941108413239027;31314.350155780176
2004;Afrique du Sud;6.393602181409638;115.20526248419851;15.116203181878836;119.23862705317984;170.4577586336948;4.780688981054924;33291.51542090965
2005;Afrique du Sud;6.531769441527212;114.107632081297;15.858915509276423;117.95562496554864;180.09002488309082;4.67603890374814;33671.64766682149
2006;Afrique du Sud;6.866491282944474;116.89211921636232;17.12774412287961;120.63745537426132;195.3905042229951;4.843885650982846;32751.70276200257
2007;Afrique du Sud;7.251417489014011;120.6806769814978;18.386305751011054;124.96612063576453;214.55417977014713;5.091346538881187;31043.368696172463
2008;Afrique du Sud;7.648281867593517;124.10713489306006;19.96835386788108;127.96164180968938;233.70245460387;5.203175826234748;28200.73292971186
2009;Afrique du Sud;8.219600375603859;130.8738406969549;22.01725906481318;134.12037242164172;258.5347815691608;5.4154025552989555;25205.616939471653
2010;Afrique du Sud;8.65916067277293;135.60109654557783;23.550815981353068;139.26511662437764;279.67720376581684;5.57704940504611;22283.54395289574
2011;Afrique du Sud;9.0698947629897;139.3507930358508;25.018212323815877;143.972404748323;297.5033367383252;5.74893353885378;19079.100840586972
2012;Afrique du Sud;9.372249495054223;141.48347997652138;25.899473297192547;147.7351688700661;314.0705154054253;5.919713633685687;16405.742691864976
2013;Afrique du Sud;9.638908752853837;143.2431363876103;27.0434997292733;150.65499379006334;329.2233218417803;6.038054132781159;14532.65739010387
2014;Afrique du Sud;9.975046205740206;145.06290513277017;28.080381497954516;152.8603938328952;338.6049134093441;6.166273363269546;13401.52889175163
2015;Afrique du Sud;10.112088795558511;144.88103726951084;28.549629854208263;153.30064866893807;342.3039462837693;6.229515211531647;12597.024691600089
2016;Afrique du Sud;10.1537237090516;142.73822143848733;28.751834711869535;152.42333042044905;343.5356597883148;6.209055170294379;11820.18384998269
2017;Afrique du Sud;10.162008794220773;140.56811416632493;29.0389850461997;152.548324362184;346.0715256268554;6.184591899908829;11014.574443730304
2018;Afrique du Sud;10.16592711091396;138.1308854250687;29.415209818627964;152.8360811307386;347.118548996065;6.070181004902583;10278.047134174223
2019;Afrique du Sud;9.712629186224746;130.82494927531516;27.91081294015436;149.2985793195504;329.0123836201202;5.843611844836628;9623.187960041634
2020;Afrique du Sud;8.903667398388212;123.24584294673366;25.23021208332676;142.09827010851205;300.25171733280575;5.381761647553449;9013.180740579215
2021;Afrique du Sud;9.01746183795111;126.73756856614398;25.102588418850225;150.25053234865825;300.1564774531571;5.428231866131464;9204.525710159529
2000;Allemagne;27.94237572363002;416.349628427835;59.467819696267895;114.70169808839216;642.0038285372611;16.176611717114387;47.91521888449659
2001;Allemagne;27.495801616800694;398.65136840022046;58.39437148219226;117.00400804409654;633.7359585513109;15.384102506342558;45.37706099746772
2002;Allemagne;26.423413476425555;393.8808915462293;57.82231465821414;122.83213433588188;632.3438488870113;15.196555032178352;44.01497349690999
2003;Allemagne;26.494632510156183;386.69866691788286;56.978903328760566;129.63924231992624;627.0360548429736;14.787394877339633;43.37182787558092
2004;Allemagne;24.799819616182493;372.7040466019534;56.47994687817485;135.212875017692;622.622914767235;14.860630828138454;42.36118317523019
2005;Allemagne;25.696418847322303;365.86596496134695;56.099896700348886;142.30533361259285;623.1281921232645;14.53883973365484;41.43940811623631
2006;Allemagne;26.012021209026887;355.3428774365781;56.1444973521133;150.12010399734936;614.3597982346533;13.530415358314247;40.867213528827115
2007;Allemagne;25.59738838320317;349.1496826835716;57.04477583222399;154.35994784334588;605.740580977981;13.339132172237903;40.05289783616882
2008;Allemagne;26.035708893447985;348.52120783220425;58.39006744802125;161.67717334408258;613.1513262078562;13.365863690761998;39.32678169831976
2009;Allemagne;26.50518902410284;341.49424571647313;58.04854692941124;168.3643260094291;609.351069435183;13.65772842295452;38.92015588240083
2010;Allemagne;26.81822887320955;333.6024472169872;58.6236253690483;173.85457826488835;609.734039616034;14.043849456335362;38.37932553502338
2011;Allemagne;26.89726519366406;320.5840496596762;58.03013639067724;175.32614639298382;603.7214412914503;13.539118621238108;37.35313979081528
2012;Allemagne;27.430748707884632;315.29395050829055;59.21106558307349;177.05108814289792;598.4444298990887;13.36337714636814;36.181818237855126
2013;Allemagne;27.91345586811304;310.7346678991525;60.52407071353351;179.75696328259707;599.7159635278368;12.868244787005075;35.2152583257199
2014;Allemagne;26.946563162244523;300.6812722491349;59.49604222338836;179.94675595853224;585.0526107522157;12.494992512847396;34.285633629029405
2015;Allemagne;26.65055232601161;304.6245792395386;62.46713563712731;190.04873908430977;601.1682537437642;12.586813714312424;34.12910212900281
2016;Allemagne;24.39713770688462;299.45192422014924;62.0669792287457;192.2562527146075;603.4041316424717;11.936068691724875;33.797526238031246
2017;Allemagne;23.96691510493797;294.28335388075095;63.438661191826455;193.4932452978585;603.8967046729858;12.44897302276341;33.05943182747226
2018;Allemagne;23.215779548463804;293.5977493899797;63.75889643511001;196.4697564290684;610.1994316961297;13.274345891502827;31.92660183355699
2019;Allemagne;23.030387003741637;286.42865356348705;64.2244137545047;198.85110547591975;604.9288090201619;12.89681166399254;29.415939647091225
2020;Allemagne;21.875999368794847;284.64516300475265;65.48599003895093;203.4920038310384;613.6760889086954;13.891855352564242;26.70802151716836
2021;Allemagne;22.150748761441456;283.3835035206708;65.5938036136239;202.63035791756155;617.9691081745004;14.430286303621063;24.77215719040771
2000;Brésil;10.28650519772282;272.92838547547;24.867952882408964;30.56142369091872;217.63561469666195;7.718421293301112;453.53373424719615
2001;Brésil;10.819743668360116;271.88403198733977;24.74235171867955;32.350675169081164;220.7214311292703;7.995391883565866;447.9122421025991
2002;Brésil;10.404272642825708;272.0865339837181;24.952709993203335;33.81358528367907;223.91861179129737;8.26151675299641;444.2190650845144
2003;Brésil;10.392391739677734;273.4300527862539;25.730798613627368;35.13835783743185;225.9742019480679;8.71858658443954;438.2080282523244
2004;Brésil;10.797263317614936;274.440839373479;25.172157019660037;36.68927675599206;230.08086174535688;8.550050883179152;429.97529682744664
2005;Brésil;10.926553483664373;268.40208904927334;25.14701988531247;37.03822000562692;229.873634671422;8.561304906594392;416.4976244405516
2006;Brésil;11.020607118839091;265.21767590859935;25.51587299206933;39.18392578924239;234.07724066244657;8.992433289857901;411.43790368034297
2007;Brésil;11.1254147451486;265.4554713103206;26.406722202879664;40.21664578364459;238.0357262991367;9.154648154985871;410.2671916630554
2008;Brésil;11.291896657754055;262.8277861131888;26.83246142024463;41.63866308615496;246.57011144314035;9.570724932716155;412.9514364208134
2009;Brésil;11.437083017313867;262.79615715173844;26.94961501490863;43.74481903386095;250.41084631769152;9.479152200821591;412.4068495347917
2010;Brésil;11.775540306294635;264.95363272893707;27.606715391092;45.99408179587272;257.94502422667284;9.857453936112837;410.5033139030072
2011;Brésil;12.022832302764517;265.23403000474553;29.06487944878457;48.15052282146151;264.3693674107496;10.144349604888037;409.54156973099134
2012;Brésil;11.875259394750591;266.01231608439315;29.824905147939024;49.67316859505547;268.66170822051566;10.275436437037628;406.4752121835359
2013;Brésil;12.637899003168386;268.85038050856775;30.68462899988779;50.000714275364096;274.6419216331587;10.966817569662377;406.2867976954306
2014;Brésil;12.953031074707932;266.8399696879895;31.57062505401359;51.42943796036221;279.37485016763816;10.817918059728214;401.145850014626
2015;Brésil;12.957635156775185;270.99245046481445;33.06003199129115;53.49259864703631;290.24827988878485;11.282021409757492;394.57172882307816
2016;Brésil;12.960342112652311;275.1536415673257;34.7836840969562;54.29727553947953;299.13907877004425;11.15102792857628;389.53044381334183
2017;Brésil;13.428393926002004;269.655527518979;36.25878606108735;53.88394910222098;303.8396502198011;12.531430324287632;372.9964876838108
2018;Brésil;13.646239126203309;272.2737161504266;36.33677329972017;53.589067552578214;310.7893109849218;12.603471423498986;358.37722711998265
2019;Brésil;13.93053991513104;276.3020149075208;37.7485084257317;52.47810813769714;318.2425428852052;13.3624203449579;349.74915254126466
2020;Brésil;13.872180877051075;270.98760952889376;37.75645407972786;51.78037087450315;315.64630188882313;13.973206973260217;347.52432451701225
2021;Brésil;14.500074763117208;276.44505218464866;40.111945838378375;53.07447663205178;324.676791436104;13.72672186152253;342.51344387205324
2000;Canada;13.061176231885094;212.29714245579692;41.72748879248547;81.65460976141567;504.85725025243374;8.44446906923386;98.20773132254791
2001;Canada;13.111207034830525;205.90755744397427;42.3047996015179;85.42016105247906;507.71109977442217;7.898006613814396;94.28344720167672
2002;Canada;13.296174411050194;202.87183627460803;43.58477088981397;89.03863316747488;506.40847228245383;8.070000671723566;90.8943398129976
2003;Canada;13.45288446130447;202.4720071489594;45.47899879660273;93.2564456719644;500.4430172651392;8.198969985711715;88.40917961262355
2004;Canada;14.067771753570003;196.54154301981575;44.60275664046057;94.95546790916636;490.79443797736735;8.680801625978587;86.02049062698609
2005;Canada;13.92669172250808;192.9125915128559;44.24933482665073;101.53879656407577;481.92248289873265;8.62474301504641;84.37241912887006
2006;Canada;14.376459385705973;190.8306969344135;45.91178534976748;105.66806597024367;471.1290850039757;8.123386464031142;80.3414965497474
2007;Canada;14.829236010925912;185.49477437253552;49.308835211928255;112.87851597200002;472.13300588873074;7.628514152867828;76.10022525377886
2008;Canada;14.943916072293744;182.4173359885759;50.54535411723874;116.35019206383215;465.65755092799947;7.716184806536958;70.62904446095838
2009;Canada;15.130195272264272;176.07183676335436;52.92556370781231;119.9875509990573;450.04193926273086;7.530687602843901;65.26104520138882
2010;Canada;15.217244628118245;172.72493354243673;55.24392782794558;127.2396981817988;445.7113158889213;8.055880922938746;60.49770983033349
2011;Canada;14.932600586454194;169.54477796237592;56.93027299368248;134.6820427631746;436.69838220870554;7.723801277900784;55.68678828697376
2012;Canada;15.179436344016253;166.2454829547095;58.71636023770745;143.7673070112661;430.7717277151691;7.990617489105524;51.79051184799566
2013;Canada;15.88539279937986;163.32556270526845;59.53762998717465;151.28147432295324;421.9421183760632;7.606876598984129;48.14529342606345
2014;Canada;16.511292507080217;161.59205209860812;61.16777793099766;156.57579261603715;422.05156595408494;7.473879608002215;44.72508510538963
2015;Canada;16.379492714531754;161.4149562386678;66.13414193264337;165.08688410430372;425.6134986952539;7.58908898527732;42.26538008481777
2016;Canada;16.82134263907996;164.4293994507125;69.31503031710655;170.73927372294207;428.0391233128138;7.826816756794353;40.3094291774232
2017;Canada;16.61611274651564;162.6511515392273;70.86198409850714;175.3038050918711;425.5309205976771;7.850043201893921;38.69466910095901
2018;Canada;17.15792689919553;162.47920335133003;73.34684062254465;178.71925935226537;421.161190804532;8.011165054157932;37.31279247595105
2019;Canada;17.120288952189803;160.1315537736023;76.1482733785157;182.07853393317637;415.30472217515035;8.455498331562035;36.38920674837753
2020;Canada;17.065684806553097;161.7779231248493;79.09862702630998;186.6883655959701;415.1182320887065;8.824454057842813;37.10340348318708
2021;Canada;17.586736942572248;161.7814449361365;81.97438421494773;189.7329548970018;415.42593061043414;8.716503973908582;36.39773742792784
2000;Chili;15.127299473480148;540.3095752101433;21.829441178004807;38.43191579408347;218.2671565890791;40.5137277517496;179.89379915848625
2001;Chili;15.447985358886465;538.5020939145062;22.60687737816244;40.62993177429862;220.372628682024;39.705558750680105;180.0706839978695
2002;Chili;15.240966366687232;544.534341396908;21.764334160080196;42.4836455408183;221.19847321873;41.64900792286679;168.95791761991256
2003;Chili;15.206455515566525;534.4810386184391;20.914427359513592;45.08137725679595;222.89409883498828;40.95017708129973;158.160984738183
2004;Chili;15.06860961880723;526.4052803735951;21.410204177347133;45.20804561070987;226.2795255855857;39.61642887409924;151.2698395460323
2005;Chili;15.106479281021976;517.864008155903;21.425642054399333;47.17894867283546;231.51608687264468;37.01602639135163;146.38444440834206
2006;Chili;15.730847336509948;510.2999820461228;22.48890946241593;50.41378679153033;228.71486108344808;35.63136254986033;143.22938631654344
2007;Chili;16.106288771092153;503.6687783043353;23.725737748331156;52.38907719754841;230.60709577897896;35.64947065211456;142.0038770930508
2008;Chili;15.567953248884074;496.93871793983897;24.408180716680057;55.13470764830701;234.7023966762969;34.675701084665334;141.66157482142424
2009;Chili;16.353860832653346;522.4562792048223;26.290267297411468;56.89401640630612;249.19072810929725;40.024620450379985;144.25163455450587
2010;Chili;17.17718055494078;533.0100647307665;27.602648713508938;60.293855900749605;254.30863626485615;40.47430941171646;147.68351693668288
2011;Chili;16.909956210744394;525.2260015457456;27.435636633333417;68.2848732406798;253.27318217128544;37.45157953391213;149.7062232096321
2012;Chili;17.52030809676685;517.8487222018952;28.090411026336614;77.30053237256864;253.51810349730303;34.58222687863714;153.69168233885577
2013;Chili;18.372054971960164;507.0797778710607;28.977400051785953;77.2286693908087;252.41908495227173;35.21927368128981;157.76623558097916
2014;Chili;17.76375088575858;503.30139341275856;29.796509515813423;81.42910998076329;255.3539559849632;37.125222279781205;160.58782702059673
2015;Chili;18.00741380551063;498.3208855256613;30.167499160513508;87.18795805088581;257.90641924287524;37.414619592476306;162.5143068153393
2016;Chili;18.558092985865017;486.2309905119429;30.1626998955346;86.01777803162861;258.1200159134287;35.49210173094263;160.28631287767303
2017;Chili;19.107794429049054;482.8340351931559;30.51874737940931;90.05556828933958;258.83905380643705;36.87812053096393;154.6521877769631
2018;Chili;19.19278279081843;474.1527353729917;31.97357950964897;99.27481818439554;258.3960682920584;37.56622712619155;147.83962543917667
2019;Chili;20.844707237201305;465.21563154594287;36.14717353222952;107.27444019441404;265.07130519257043;37.460587997406755;142.74680690753422
2020;Chili;19.34516703054252;448.0335570218726;36.18906428103277;103.39739820151551;252.46075205555547;36.6618473879015;132.50695250806936
2021;Chili;18.01082416990902;438.8108105190204;35.04803753284994;100.25426892829113;246.45827520307608;33.55051392199278;125.78711008032012
2000;Corée du Sud;16.56637731565498;845.0264835658922;20.563315504257663;711.0748891064814;120.46207326491032;2.4695042116578403;9.241379989291202
2001;Corée du Sud;16.941426824025427;791.1590594326802;19.44265448153617;713.9238644704993;120.94460979670568;2.3047377754041674;9.506236330711303
2002;Corée du Sud;17.89005033678032;761.564359012612;19.072947380497208;729.3838094643862;125.1637459164286;2.211400665763559;9.856616344509838
2003;Corée du Sud;18.251097834974857;733.4646442075995;18.757176630288978;734.3160587978764;129.6555152984552;2.152198971554734;10.335768002586343
2004;Corée du Sud;18.553516556309575;712.1345152729174;18.53472826901126;736.9483543695826;133.85231586402452;2.029004894799659;10.633686370975113
2005;Corée du Sud;18.69900523028572;686.1948326549435;18.551262683883607;727.3871059469755;137.57646469856778;1.8938520158071857;10.901721972349629
2006;Corée du Sud;18.7145445858724;659.9480776445755;18.518452918414635;713.6856140787892;139.79325018591211;1.7947002257724949;11.204858483208303
2007;Corée du Sud;18.86559182873982;643.1069711366401;18.88503965659215;706.7086555899357;144.38670318802264;1.7669183534024773;11.688512339101226
2008;Corée du Sud;18.70763280992298;627.794769919656;19.226274011588263;703.116489089113;149.43018676848592;1.7627926656051784;11.97934597156312
2009;Corée du Sud;18.585117082472713;610.1577491294978;19.6564126966036;697.174452802978;153.81917361362184;1.76873803600127;12.274840435224055
2010;Corée du Sud;18.78354324543822;599.8525733707426;20.2859804341643;693.9340183749553;157.82593991054242;1.727076896317656;12.617310700462308
2011;Corée du Sud;18.42779351422874;571.9264110157968;20.328673404201265;670.9222210174814;158.06825561363482;1.6774229680094048;12.534753186628322
2012;Corée du Sud;18.5891696164834;556.3114852004634;20.927379099692367;658.2741883891906;161.1020790119617;1.6350112934429222;12.114833454998823
2013;Corée du Sud;18.20915150724693;528.1758360986703;21.34252372898945;633.8884429798775;164.58567777862214;1.5855499117341136;11.655222443853036
2014;Corée du Sud;17.851060787201302;503.88127911187;21.57385082502785;611.0515112081086;165.91011883517393;1.552677135707266;11.04921681768166
2015;Corée du Sud;18.053112694489094;492.5020932831176;22.336901381667683;596.9949090592063;169.31891961442028;1.5201517861087055;10.465982511777073
2016;Corée du Sud;18.062724213577837;476.57106849769974;22.84424119429262;574.8182148693751;172.10947757394808;1.495961097292818;9.940529315752576
2017;Corée du Sud;18.16079186131137;465.893324007742;23.075920229243035;554.5526620233682;173.32681638542232;1.4775960221178177;9.501611259286818
2018;Corée du Sud;18.59533295481523;466.26080465397143;23.870335211626195;548.0761785986072;178.69092593640477;1.4771339799797654;9.174147487660134
2019;Corée du Sud;18.46495963841011;456.29453735025186;24.293974307905884;532.4813898938614;182.3007854823369;1.4629103276145723;8.762246973952793
2020;Corée du Sud;18.934324015248084;462.3210505617029;25.0230241201931;533.8597180903017;186.82501130616748;1.436241128995727;8.41799508895205
2021;Corée du Sud;18.952922082350963;459.4656260464629;25.01484769423383;532.445243711236;185.10924122695175;1.430947789291927;8.173815156347684
2000;Côte d’Ivoire;6.470222693177144;77.4011617856274;11.9975503966204;147.9316680994326;242.44886984600697;2.3285638975893823;20825.58524142832
2001;Côte d’Ivoire;6.340872726652766;72.42028500094403;11.460318794248549;140.11815896242052;235.11618419779617;2.197141209797076;19644.425545404167
2002;Côte d’Ivoire;6.351294802923647;68.8439257851394;11.337013678983254;135.39361237206523;234.27744411290143;2.0456810337415434;18573.6456633798
2003;Côte d’Ivoire;6.271699296708692;62.79705167744353;10.73671941772612;128.9395419356933;224.69067905733672;1.8796448489886568;17492.635529682408
2004;Côte d’Ivoire;6.3131033249189565;59.26026668155984;10.61137320411449;126.0643968283972;222.55205704259515;1.7435273008042496;16188.93111526546
2005;Côte d’Ivoire;6.398810048392431;57.07947263897871;10.616130501666229;125.30346231677848;222.40947099461476;1.6759935944529267;14042.810772187708
2006;Côte d’Ivoire;6.608127318446349;56.30373300331646;10.817038735444054;128.29665182465197;228.45144653308176;1.6561967296945552;12377.881152641943
2007;Côte d’Ivoire;6.605272208546649;54.53953492302873;10.65945411433508;127.4419342436252;228.6704169962732;1.631664642632391;11096.159126620554
2008;Côte d’Ivoire;6.67090123642851;54.25457310107094;10.790704380122463;129.15721962454663;234.07004257986708;1.5970333454100074;9700.770015825768
2009;Côte d’Ivoire;6.529547563539048;52.5795802402439;10.649920994006596;127.26610906369336;231.72389339438;1.5373770412271297;9374.385620422476
2010;Côte d’Ivoire;6.249616355190958;50.09831921977368;10.49692352673688;120.41288926556072;226.9626166230636;1.4211158194779752;9712.838365286296
2011;Côte d’Ivoire;6.324432159951192;50.41675226246112;10.71800938084914;119.83975194150588;234.68671101944207;1.3905460419241704;9099.98309115813
2012;Côte d’Ivoire;6.962732580999382;54.34131628469217;11.521197338491922;131.51409865436526;258.8899377519856;1.520292479703591;8485.609177485985
2013;Côte d’Ivoire;7.599812143447536;58.55926165517244;12.574177637369289;139.54720454144635;290.4162852487394;1.5906607361366296;8066.685555689523
2014;Côte d’Ivoire;7.979716581743986;60.69730502336226;13.123531338750835;142.48671595068728;312.3290519794344;1.633603282229685;7301.602920601488
2015;Côte d’Ivoire;8.679000001725399;64.08109514099635;14.107811483427737;150.43514872549372;346.67588366378845;1.7083156769132308;6584.935809783109
2016;Côte d’Ivoire;9.332696461297546;67.17051624667126;14.942063806808164;157.64057165743642;379.2250980826636;1.791574333667131;5818.838238479923
2017;Côte d’Ivoire;9.790276736751508;69.15657783228839;15.521424795042906;159.0372236015674;408.1681291786242;1.8660748434971368;5031.975145693406
2018;Côte d’Ivoire;10.22863522809547;70.75498196294429;15.89041208103062;162.0345428260631;431.7886302309547;1.9709283698065363;4407.125532245395
2019;Côte d’Ivoire;10.163680708625698;69.95583052799256;15.582120850177306;159.78203509509697;433.0061037272084;2.054237608452515;4074.630205202093
2020;Côte d’Ivoire;10.225826922010809;70.4269813965996;15.676845586539711;162.48933108613036;444.4517003618289;2.1514809024695984;3962.202842929424
2021;Côte d’Ivoire;10.233471198863876;69.97201859191003;15.522735793369115;162.98240424385148;445.34471429368546;2.3288351146255115;3853.0563690352737
2000;Espagne;19.98487652267369;410.722377510053;62.72888736279719;204.60144686388455;446.65355779333174;8.238980363127299;265.27151557439765
2001;Espagne;19.816837505217073;399.013057873437;62.73160829455871;209.11357682744233;444.428935057;8.245332266113543;250.04325576196996
2002;Espagne;19.02197149105774;383.5592666308193;63.29359426142878;213.2524992387175;438.3815331649106;8.278004949692553;240.61308461259247
2003;Espagne;19.363584677620995;378.58400194762174;64.5525008446039;211.0953531368312;436.18732923584736;7.920965299941024;231.52497273983
2004;Espagne;18.981699534736023;362.6284310610682;61.15440462154671;207.89590056558777;422.6469267701263;7.758437296931317;217.87296757373244
2005;Espagne;18.96407267388656;355.7635171721831;62.36556778479044;206.42091293874032;418.0040606572773;7.868620093350786;204.616537362256
2006;Espagne;19.25214679153865;340.5046713050425;62.65390698951761;199.69950570823423;413.7745214423373;7.389717871375929;189.3523175697261
2007;Espagne;19.59533988540663;338.1088038610184;63.259663235939385;200.0382401102577;416.4850881685316;7.357033362491205;178.1124107636566
2008;Espagne;19.24904499532162;328.41628019045896;63.95642086819196;199.57483039292728;413.1010247496613;7.233649099421386;164.83352865178333
2009;Espagne;18.373280583510944;319.8200570079793;63.75324255465127;203.13938532410495;404.6842523037304;6.939762144391838;150.5175645927746
2010;Espagne;18.757588950370877;313.6603961936619;65.89878985917576;209.96797702169863;400.7562699291517;6.975834822388437;140.0853391639502
2011;Espagne;18.700680907362983;305.0337922102129;68.11270014773922;214.4421581683796;399.61257127900694;6.410402429552261;129.08727069617734
2012;Espagne;18.77939053919555;307.2945390506798;68.47755866672173;221.22605322621325;400.2871558543182;5.98457877654833;120.2682091668206
2013;Espagne;18.32657482461588;299.06043845962233;70.4552793497498;221.92961846971045;397.2002768894188;6.002533387060405;111.21972789974252
2014;Espagne;18.141714780005053;294.9502838409316;69.96730229411958;222.8720154711919;388.5286209253249;5.8930547237189295;103.33739181905815
2015;Espagne;18.27221590151836;299.6639758208;71.94542195737316;228.37396193682207;393.2582141087896;5.783633836859205;95.92682262004736
2016;Espagne;17.3567378161826;288.97784536764937;71.41875450600482;224.57094277394128;391.33799998846575;5.442836278831196;89.13966697534943
2017;Espagne;17.265240229927635;281.7237862246955;71.01989887902991;227.8748583071832;392.5993244805363;5.140606897172274;83.1669281216325
2018;Espagne;17.456168635338862;281.53331247810127;71.76118253500128;232.5530475827994;397.9052477304229;5.748103630962858;79.15312720710114
2019;Espagne;17.18921435005623;277.8349341165108;72.88365937542855;230.2904951707214;390.8236004802285;5.34841886206198;75.34939102066038
2020;Espagne;17.446012666066885;275.32543379601185;73.58015535934304;225.66390762645472;396.1272520037456;5.571164581565933;72.02833078755845
2021;Espagne;17.141047270398538;267.3725414904554;71.67095906787044;220.10266599710835;381.9654426582581;5.5133214919630085;69.63539468033296
2000;France;30.41415568982485;265.25180757835085;56.7567229809144;222.96531028200107;597.9889326170356;12.618832598074356;120.24341030088264
2001;France;33.1865071395825;260.6674348340719;56.36205063963985;221.140016281749;597.0968781580639;12.035172342828076;117.17506887507196
2002;France;33.68656668915291;258.7923936115641;56.83010046100012;223.414845005722;602.5900440897187;12.1401167070355;114.6882578745074
2003;France;33.94193738472249;256.11487986674484;59.28654135875693;227.9469704933469;608.1972601224448;11.601162510074476;111.30994777866276
2004;France;33.386295645883024;242.50283817637865;56.78553541456099;222.70350276362805;587.1648254504815;10.784941453900831;105.04851851141864
2005;France;33.374326928067916;239.9935507373367;58.65015522622389;228.06476221135384;590.0329848674623;11.262385654022918;99.90940139796326
2006;France;33.47576397594363;232.6892883747965;59.22791335131798;229.7108206154258;584.9730955224906;11.38902671674371;93.70443702738676
2007;France;32.637665902662754;227.5955049409013;61.15517257390277;230.42039371452532;576.789214718159;11.326576155754134;87.18109978969542
2008;France;31.91362727806123;226.26521735292425;61.94145087749423;235.71765758508752;581.6111268276062;11.36610353990162;81.09862662620968
2009;France;31.338645836644215;224.35600777115815;62.12022284693433;238.77954723032957;576.9573025816325;11.291437713538636;75.33793069826531
2010;France;29.346708522199993;222.07354616020476;63.70523144221013;249.6335520340652;568.0518617723436;11.306196719552666;70.59722516231592
2011;France;23.965437258974056;218.70578058560383;65.30036752018184;251.0657080494963;545.8698882572082;10.690912769973188;66.94701069499328
2012;France;23.625402020549657;219.03031086941905;68.31620739061732;257.56409347682387;547.0822116973366;10.438417050356245;64.96338573604386
2013;France;22.593487910984468;215.7661184289995;68.082674131168;256.75582006476344;544.4361230871124;10.675479472077903;63.45604410510457
2014;France;22.059484871648635;209.12619793992388;68.98223819943578;253.44174082046968;540.2744609043292;10.536471798050131;61.41291203677936
2015;France;21.91199032629359;208.55655571880408;70.8211113326409;260.35866197181696;552.4784855764757;10.649460405478608;59.26876355548639
2016;France;20.958239590007484;207.80699746103195;71.34794974426707;258.29877366470265;553.970009778638;9.80481007976833;56.75262893519518
2017;France;21.441193147146222;208.04775050126577;72.3802583295604;250.98989608287764;556.6350459409463;9.406609641025744;54.43420830724533
2018;France;21.50150370022572;206.76221245611916;72.96550708106065;248.85154521723493;553.9900024918592;9.555176635157142;53.28757536314044
2019;France;20.687206822528744;202.52391629240816;72.49030276430064;248.09625037006876;546.8590087910407;9.15795710918998;52.64083423038823
2020;France;19.067802693110732;196.69677490531515;70.78335525528364;244.71501815065008;537.0086902273956;8.570617139034916;51.8422662668724
2021;France;18.24891613577813;186.6370294566851;68.13682663084278;237.50265715715688;509.3056922732308;8.352579384348768;49.95206952204057
2000;Inde;12.631750979884592;145.62886755850604;9.263774736946424;44.97481197278398;115.22986122272208;5.882692489993022;440.63801813725973
2001;Inde;12.841638800238425;146.81648692266216;9.347122463847636;45.90335528720673;116.41332180543236;5.777071179224472;506.2711410342419
2002;Inde;13.010551140804065;147.3880808268299;9.39647305148434;46.92638509266424;116.81440296051082;5.580399589392322;560.950223564469
2003;Inde;12.990532441306032;144.43536902320994;9.217736324279498;46.85558799724397;115.7758864120274;5.41132436822229;599.0505646107679
2004;Inde;12.785784433830734;138.504018089871;9.068565932016686;46.116184886973606;114.7441503117456;5.20213010975593;625.8701015911612
2005;Inde;13.138568202477485;142.02579401413217;9.109462656269743;47.82476855235138;115.72513242618908;5.189116257536232;637.6532105463824
2006;Inde;13.765193307346792;145.74493829987165;9.40766113368678;50.05618624805381;119.38382601989017;5.3929380576397055;641.354917862169
2007;Inde;14.471900437829635;152.31016688582756;9.726926754006485;52.867846891080546;124.42372382529506;5.5959054109337325;628.2342858496991
2008;Inde;14.64482781409981;151.86698357526973;9.877183987551108;53.018135427625616;126.32535721534616;5.72438033695496;604.9409027816923
2009;Inde;14.71007842384004;151.29531472204465;9.788933183869473;52.98002740578609;128.7330031358795;5.838293183840687;571.059784844839
2010;Inde;14.967400135525454;153.9308289557584;9.938007024726954;53.393153770250095;133.04026931604085;5.88548369574562;529.574106007504
2011;Inde;14.881228146860009;148.9838850278399;9.831796287306428;53.729468204928544;135.1367831978348;5.874106432258621;486.1312574593164
2012;Inde;14.976198370850692;144.87990569064507;9.98839805070529;53.63176842194262;139.2642115205616;5.777105382662551;441.85450431816486
2013;Inde;15.207568800909826;142.88206370937846;10.181086714344127;53.9933263283987;147.1597029949925;5.543872687136906;397.35003522096866
2014;Inde;15.349109245948547;138.10878551728888;10.783437530608792;52.41952591512394;158.9396074075641;5.422770635055173;356.9321619292957
2015;Inde;15.802740923076511;138.9621072132088;11.30278597568079;53.23153600215932;168.79866060903666;5.403158980209053;331.089383836484
2016;Inde;16.263881739969598;141.8982360117905;11.772657664468133;55.15491374667862;175.80510227482787;5.44597964679212;312.81926707609284
2017;Inde;16.67078358975639;145.07627018182075;12.189259743355372;57.28896823610418;180.8754818929324;5.478075239807699;287.8444248301141
2018;Inde;16.894964373348458;143.6505984062236;12.388591228407051;57.84378037642009;184.39220759365384;5.456050890460521;260.9701042504206
2019;Inde;17.086553824896082;143.5611913393135;12.62073223097584;58.538844721607106;188.8938208073047;5.485502038552819;240.9113017604003
2020;Inde;17.538722024724382;148.07793119528563;13.128641478813304;61.63154449888934;198.07902328931263;5.748235555767719;216.6347281878624
2021;Inde;19.250674206854622;166.0275000283755;14.258425283229233;71.07032590947487;215.7597215654496;6.951865308665302;189.51908698263816
2000;Indonésie;13.227877419749085;130.15065282037222;21.14853896650014;82.75936982230508;161.65856490242217;4.670548479301247;34.96528139742936
2001;Indonésie;13.394744710370723;130.6437235370041;21.30372916288365;84.26701504887531;162.1808635973063;4.759208550542145;38.92621872245574
2002;Indonésie;13.686263823170965;132.04208836719542;21.696857707177553;86.22738225068497;164.85921583131469;4.855569894268237;43.346842038360094
2003;Indonésie;14.141811329655631;133.53063617326976;22.13076484934236;89.35016524450062;169.4015121466311;5.022009014179775;48.569251107269984
2004;Indonésie;15.852651333924506;143.9789461355649;24.995949850783116;97.69516248902796;192.1004790463424;5.285860696210751;54.679280913914646
2005;Indonésie;15.257453147883234;138.58770527145785;23.549526808471697;96.83883163821316;183.637222920094;5.449562428197636;60.04002461143008
2006;Indonésie;15.887906460749251;141.79202594361223;24.440913499291433;101.1931077017709;191.75687179485163;5.698051600256115;66.44744046609036
2007;Indonésie;16.623913752362935;145.86295055854112;25.6408460953223;106.0752390680781;202.5263731827756;5.996654425867675;73.94688366891893
2008;Indonésie;17.45197029478479;150.45346600843445;27.075160662922062;110.98590072855468;215.52272012769404;6.279798346291697;82.27992334559606
2009;Indonésie;18.24915385132889;154.77960273787855;28.479582581789508;115.54535362792136;228.4866725923508;6.503615843067653;90.50749402036554
2010;Indonésie;19.0936614634014;158.82465462125143;29.928262586112663;119.99978070398204;241.5463670057228;6.729928782754986;99.44310684803212
2011;Indonésie;20.009365384181116;163.33071358064774;31.35848575938493;124.86489570847328;254.38460224037436;6.984515703272127;109.88146799089056
2012;Indonésie;20.622104359212763;164.96110780739164;32.32103277174401;127.21675917479044;262.7505675887338;7.130755271297806;118.95706124201698
2013;Indonésie;21.155427714596534;165.87245583475436;33.12818863899903;128.78792278578229;269.7340871536348;7.173969199367098;128.26881702155688
2014;Indonésie;21.735250464310543;167.36538674978175;33.99604416301312;130.50602907712252;277.6061221731704;7.199763365159066;138.34312135043086
2015;Indonésie;22.374324133089303;169.04903746652718;35.008229912168744;131.93259246478067;286.5832716077216;7.196989404179938;138.21738505686915
2016;Indonésie;23.0937096488189;171.5254954138563;36.15151814435261;134.10419389471065;296.60559506452;7.23690351075108;139.4167440946836
2017;Indonésie;23.84693629709373;174.8237074751224;37.336202977606774;137.2067736499201;307.3250462953484;7.284346562260515;142.20615198107149
2018;Indonésie;24.58746782894574;178.03958102941274;38.58143443065048;140.47315891391685;319.3850695331425;7.311498931558807;138.80736520226577
2019;Indonésie;25.2699254721057;180.86632004411575;39.75409626404577;143.80118193700176;331.0517444024398;7.337940304478232;136.2384434463757
2020;Indonésie;26.682024991190165;190.0044334940372;41.96224058533504;152.887603534006;352.3339963360342;7.492762558328699;129.09474991464205
2021;Indonésie;29.390730383231617;209.60947176276997;46.32009561456206;170.31431891430435;395.05100762000706;7.764246224734218;118.11638105530068
2000;Iran;9.057180234323354;302.1816093571326;8.27973701207853;86.32440889330859;88.74277347347206;4.449056054515021;11.399808500749696
2001;Iran;9.065057847210468;302.24961047896636;8.429019613455523;86.15055625319715;92.06101223305896;4.486982704665165;12.469177838038336
2002;Iran;9.04956396553396;301.5046453357414;8.543947857062841;85.01831091891063;95.43653451318228;4.528405374736928;13.779687811456084
2003;Iran;9.502362369498169;312.2778740959896;9.22273105605044;85.12629909058967;105.38812430023228;4.649230845148875;15.34015817683325
2004;Iran;9.082297006782095;297.45635524391787;8.817524378448118;79.22815903567351;104.00265582744991;4.641406240835767;16.892841412029522
2005;Iran;9.115353899739471;293.64251947751166;8.933353154270424;77.12701491497704;108.75730869918954;4.809642605476508;18.65040632333322
2006;Iran;9.302821899601565;290.9747378184716;9.049964354352936;75.57892240013736;113.59310016089552;4.976797465210126;20.53498706713207
2007;Iran;9.52045690952369;288.7711092320092;9.406707632423124;74.69120904873675;118.70409754704318;5.0938716759337686;22.72986906158742
2008;Iran;9.753598848227847;286.882096668101;9.794280668032448;74.48761344433399;123.66682564887029;5.235719363588123;25.187536300345503
2009;Iran;10.058359007474271;286.38375109590277;10.277347304562715;74.99153414357946;129.4846361822962;5.397970600009222;27.938277540863904
2010;Iran;10.286108005957365;285.0524791621657;10.734321743774377;75.79450983032534;135.08253287003495;5.476531424149374;30.825086035296444
2011;Iran;10.59108339233211;283.52050691714;11.155796275135389;76.70495442162282;140.43898461341013;5.659722584026241;33.58746669876924
2012;Iran;10.901252595472217;280.7704238117887;11.585440441888748;77.19579473323904;144.0822791714993;5.836969533399829;36.772906328872466
2013;Iran;11.294993632969591;282.1069594503706;12.41057920587855;79.18093143478376;148.70066656917444;6.035428698212364;39.85139002629373
2014;Iran;11.796184179315263;284.7278789049394;13.094593078569863;79.57401491036264;154.051198912319;6.157562721120999;42.55992915015078
2015;Iran;12.444309462990462;289.9325065480966;13.74184623537715;80.46567677175382;160.80262836385972;6.254740210697201;44.496220002212745
2016;Iran;12.942413989410149;296.4358560202662;14.443733961024964;79.23682211346946;168.52119560265916;6.337368459436599;43.867644491739846
2017;Iran;13.328857303403732;301.6217719160297;14.944020322104352;73.65495545842201;175.24184532591983;6.414178704158753;43.1234298018963
2018;Iran;13.374937332215282;301.41303514265786;14.970636093832486;78.04047071842209;177.71447880943848;6.332948722831792;41.69689898931595
2019;Iran;13.617195223280875;305.8883867257725;15.255772259875648;81.48510097941147;182.8349783484912;6.24642118414011;41.25616628227047
2020;Iran;13.55661171975741;305.38408730558734;14.943394237048295;83.78994397520242;182.70761666389632;6.421681892898488;33.628366762784715
2021;Iran;12.792957008583375;285.1918991336037;13.9360513560355;80.46890413306923;171.90427173919443;6.080612114058006;33.64152254094943
2000;Japon;24.512641950219667;961.55205248787;39.566050539131226;656.1843579132795;262.72851402788643;7.208607924572655;6.582476645509515
2001;Japon;24.618420284590375;937.093614682022;40.281919257709305;645.9779927734895;269.0470218271624;6.348047317620896;6.788640869519157
2002;Japon;25.053840508002864;917.9471980329442;40.67040065041041;635.2353019294872;268.2606950607596;6.148373184129582;7.001099251293113
2003;Japon;25.800189258839595;914.4369188038776;41.72080846674191;624.6133037573447;272.67028885310486;5.967869979802401;7.267123191139568
2004;Japon;25.96352348852041;912.0329396153228;42.90813556314422;614.6336458777215;281.95951182681944;6.154481135346933;7.422172425237875
2005;Japon;26.87125895947259;909.826427320904;43.61651646404433;605.9651782671735;287.19895727077886;5.633109782175424;7.6237518482576
2006;Japon;27.160214281742793;889.7420662137794;43.94431355741794;582.5847464701701;290.04465289298196;5.591579687401312;7.727576491424404
2007;Japon;27.347517004723105;882.2899089638116;45.1861806890843;571.4643385348597;293.6593810580102;5.816053387131899;7.88312951583847
2008;Japon;26.99272265399315;876.0679320925154;46.02303147240923;561.880795805699;299.8343980192954;5.357349805344352;7.916292996621476
2009;Japon;27.147196803414257;856.350098267741;45.086783247665025;535.6186131562415;299.281741460747;5.367153198585213;8.028103816557625
2010;Japon;28.272748311963195;860.8848581621045;48.247828964218954;528.8256426279486;309.9387095601203;4.603054352820835;8.095897446792968
2011;Japon;28.462514996272727;853.5667108507195;50.527225997080734;509.1317113001073;313.33817290123847;4.840451274689459;8.051871157610277
2012;Japon;28.77584112807727;842.2496669994745;51.67645982790614;488.84274895073384;311.22018522983734;4.681202156201261;8.074744388433567
2013;Japon;29.211588764305084;827.8454093986691;52.53855348922294;471.6033035350917;318.06116636610386;4.36419116542694;8.149604747001167
2014;Japon;29.13522255652293;808.9978519824141;54.7669866901837;454.8372737055342;320.45955105427515;4.494296680962055;8.21864670679756
2015;Japon;28.87725045636124;789.9345702790766;56.30669219451365;442.05793126280224;325.68919405352455;4.324370470950597;8.365029606262821
2016;Japon;28.69387235297779;767.6575402524963;57.0867253540354;426.7943183446979;331.43089811380077;4.297651378269337;8.550761883787244
2017;Japon;28.787983295215675;761.0238004604956;59.52707002537924;410.487270528376;338.78010426630823;4.085009264513037;8.534999196029718
2018;Japon;29.787562490667153;744.5212087416032;60.94474096355312;393.68101851712584;343.4878447031382;4.05108251101229;8.551764300865333
2019;Japon;30.59982592355964;728.6461610980688;61.84478299460947;383.3016074993711;345.93688970494924;4.098843904291557;8.553587015788974
2020;Japon;30.272579472273428;703.6508390324684;61.89961687490893;371.2506167252028;340.4504222007391;4.0321317794592;8.442404912645289
2021;Japon;30.839584911827796;672.8445614025973;63.563475045947726;361.663665828522;342.1621554136226;3.4428039329329017;8.280466307929627
2000;La Chine;11.19567078703688;1002.8620066579552;42.64377176095183;299.61593253751306;186.30527677867036;4.974436455014264;36.753840391908696
2001;La Chine;11.042641447099085;1003.8806163246808;42.833141950451434;301.54327885603436;187.125605121485;4.758554549077684;42.62990665229407
2002;La Chine;10.735977614766558;991.7225403199878;42.21074427840718;294.54149635234523;184.6363764956799;4.49592710206268;47.08005116666817
2003;La Chine;10.601111517082122;977.2709460664524;41.581847310789584;284.9088863656275;182.38222184681453;4.227657655469533;50.35919829799354
2004;La Chine;10.413176644318536;954.6813147182014;40.72998870062595;274.88627427251447;179.2236260818615;3.988898427075879;56.80418314748854
2005;La Chine;10.374043731504075;922.62919979261;40.21523344026396;275.4210440375074;178.60276404538774;3.779033401655228;62.74486992467171
2006;La Chine;10.481926956324028;892.8980383037896;39.556346131778135;282.1136859708531;177.8481796738196;3.5204575413943493;59.66710477381204
2007;La Chine;10.626341944908768;871.1702504065618;39.32255620076472;289.938454119667;178.07507070696332;3.2986674413829387;59.016464263444895
2008;La Chine;10.724174999875386;834.1805738347642;38.54831087465814;296.32270461545414;176.43123541127665;3.046175492168625;62.75249914842997
2009;La Chine;10.78107165087198;803.9615697781971;37.64758949104091;292.31249440616284;175.5313894047425;2.8618771649762373;61.60063029940126
2010;La Chine;10.75212515383945;763.5109360938242;35.97187219171342;284.935014339995;174.74145480343003;2.6924498218445283;61.85808461949831
2011;La Chine;10.646412866306308;721.0656108766314;33.6539467827218;275.99163773816497;170.804775999857;2.560223191475158;61.2936287565384
2012;La Chine;10.587573499981213;695.3063972307951;31.226518720819897;275.9117204728325;165.77663866893332;2.468861967251104;57.26649357980941
2013;La Chine;10.32304095415979;655.0701842107482;28.59446020356814;276.00907839721555;161.68639963989756;2.3452869375057976;60.02097349717403
2014;La Chine;10.355838177620432;644.2128932747833;26.687829182888084;285.7764010867383;162.1827404923135;2.2868348024680385;72.02803040388177
2015;La Chine;10.521509025140956;645.8750352984525;25.657175625507943;295.60079050293035;162.51224324340657;2.285792744599152;83.98579305153596
2016;La Chine;10.899964841431665;660.91533942352;25.397043106116545;304.9810872877492;164.7718047922307;2.3312721888110537;93.40694679811676
2017;La Chine;11.080032228659457;655.8083526956303;25.193899117159944;302.92607518123987;167.35097218473268;2.353649455140752;98.94480765666232
2018;La Chine;10.84651866735588;624.6009925165228;24.380393708786233;286.258972589736;165.0133114271114;2.3219063167710465;101.28003709123875
2019;La Chine;10.368274409310631;580.337337852321;23.318871482291684;264.43010246107224;160.1063187571308;2.2495444481517306;101.34646929499276
2020;La Chine;10.143670361348557;554.2496383167382;22.811287605428692;250.9109761171198;157.70070335570583;2.2132233348351633;101.17375893481666
2021;La Chine;11.01298698119176;596.9297485780979;24.47588696564514;265.5332983537155;167.67039135838627;2.3645483455798777;99.19639931568472
2000;Maroc;11.446242943839882;48.76867234664361;7.422429271464713;80.70869512045672;139.02964993904138;1.252309007589833;112.22394548328435
2001;Maroc;11.681055559603074;49.22084977808086;7.609575098469572;81.71852743514347;145.01412881057593;1.2444167903674954;123.07573231417084
2002;Maroc;11.851382473349354;49.579087387255;7.744795664940613;82.50673506414618;149.74988633323184;1.2483681988534738;133.32274057045012
2003;Maroc;12.23027185713642;50.39285414523896;8.066419293188924;84.10557675679078;159.15496653212236;1.2569225814550478;136.11479838421167
2004;Maroc;12.59687118638618;51.03936955573668;8.327179744749188;85.91397878456827;168.12871260118212;1.274874482088544;134.61725664312257
2005;Maroc;12.89352749902378;51.49948085766293;8.55496376278961;87.82782578844468;176.22170748856706;1.2966157873516606;135.79279042126865
2006;Maroc;13.258026249732916;52.02943198613977;8.836628811324154;90.31881867482517;184.76580794067175;1.323637397816445;138.95231376159788
2007;Maroc;13.651946275342448;52.65622903508997;9.167981042783866;93.24080821505336;194.39421701427608;1.3559179906446697;142.42736405113249
2008;Maroc;14.046217316942736;53.29730068284183;9.53686485033866;96.21090390796716;204.7453443220089;1.391002948291863;141.44582339596036
2009;Maroc;14.499416888334048;54.011484209903145;9.969779644076947;99.89919931517632;215.6672389186113;1.4265856828487151;139.698544051431
2010;Maroc;14.978594207442445;54.72066179929606;10.387859240031265;103.48342349438916;226.76362471059767;1.4586299897422297;146.80412735052838
2011;Maroc;15.644238116824845;56.000149336789725;10.919030822593342;108.75252618419564;239.86277226946063;1.5083880969696146;157.57528654207147
2012;Maroc;16.372156778649565;57.41869657507413;11.448543998327864;115.18977080568098;253.48628870126817;1.5641384596470955;157.72097532383006
2013;Maroc;17.350325797668102;59.551935553601595;12.073758965474251;123.89635678667982;270.9607842290967;1.6720359189909877;151.27128055478298
2014;Maroc;18.133791643464832;61.01471964309791;12.583971447262856;131.50153404263077;286.4654381304272;1.7247415508690995;140.46796317536058
2015;Maroc;18.55161051496113;62.529074821176536;13.174245019058588;137.3654740625346;301.13473506952516;1.774321986249905;131.306487445957
2016;Maroc;19.495196107300384;64.86195524744731;13.834551454110509;144.6026744232577;321.07107627334364;1.835711628181336;111.97476974179725
2017;Maroc;20.262252516335348;66.6842512608156;14.351883246652603;150.77697993179376;338.1849376987346;1.8880360448525624;98.116941897375
2018;Maroc;21.355804302613013;69.96365709476031;15.189786214821792;159.97159727611177;362.123103385207;1.9571353233096456;86.96919741377766
2019;Maroc;22.58219409404775;73.49607754362513;16.116181366776757;170.13107315069726;390.0734942614801;2.0347500423683313;73.04895487251393
2020;Maroc;23.68378253261091;76.220708108814;17.153394321437542;180.43404039464917;423.73827556067835;2.0898321763305803;63.83610091957681
2021;Maroc;25.08229497707407;80.38016511427148;18.2775108928462;193.57661395040915;459.05275960594247;2.185360597485631;53.76855648543697
2000;Mexique;11.440707777837677;182.943487727844;9.82326418932054;45.88123694101046;143.6965499350088;19.807049023453132;279.7919833808333
2001;Mexique;11.500892738211231;182.43889326712545;10.211430989301665;46.354216658534455;146.3624602272123;19.604152164007676;280.626472387408
2002;Mexique;12.509848983393764;184.93831644966295;10.146673048786772;49.79898748914486;151.72095444039294;19.90868600072057;284.0177283514272
2003;Mexique;12.438080765846864;185.176388759434;10.403464442432602;52.67313065759334;153.73774488389645;19.92672061508625;287.0649927968272
2004;Mexique;12.772568364690256;186.6011835710812;10.500330689349038;52.84854194651053;158.65612360025398;20.485235905104343;287.8792816536449
2005;Mexique;13.22338842191722;186.1164017716316;11.110879105571271;53.10896422151646;158.8784222008062;21.05433083143781;291.87581585652384
2006;Mexique;13.613701756785227;185.2850384159757;10.97316816620112;53.19119368085135;163.08477983998964;21.613837382971937;293.3088939080472
2007;Mexique;13.676865212479752;186.51512605511508;10.977516430206135;52.59240615231529;165.46433215172436;22.39408510810663;295.29908404698466
2008;Mexique;13.654064303963766;188.87922145625916;12.093252244781914;55.33769323814277;169.40822737574987;22.471541195404725;299.817544679493
2009;Mexique;14.18696447979648;185.4766802802346;13.089860699510858;55.67135096578997;166.23017876563082;24.317927977508276;297.11197930172835
2010;Mexique;15.253329854231191;189.59205778397143;14.31952697050661;58.42431763286199;172.14833183728015;25.14940051714938;291.32783748897776
2011;Mexique;15.23319939807511;187.6384565050626;14.530738775968947;60.17923269480868;175.49867353873924;25.964707748655755;282.3118959367975
2012;Mexique;15.732399324575407;185.63500998621777;15.791355390621211;61.43716091283348;180.3461017992603;26.52004320100237;273.2425481930283
2013;Mexique;15.905002676476045;185.7655473860933;17.146861970458676;62.996008834703005;178.74324469472631;26.71249037999443;266.5754537390851
2014;Mexique;16.362857643671983;188.22629626930936;19.159361923001292;62.00204119962778;185.51565092156775;27.81826569138598;259.0512774940341
2015;Mexique;17.373497419031533;193.840745878624;20.780214388268547;64.47653914349836;192.69994195960732;28.04260705573874;253.964696434699
2016;Mexique;18.477753328898505;200.31136709682363;21.787754056277997;66.4866482434215;200.23410369537984;30.115484406635705;257.6189096133458
2017;Mexique;18.891205500956275;207.05438281853452;23.668372817746103;69.04563142672923;208.5217791529967;33.223151129301684;260.5246415818877
2018;Mexique;19.736909371763833;210.88722615772173;24.71336228973666;69.68715982625618;215.20879967918285;34.8372951590954;262.6391022837275
2019;Mexique;19.745568133163022;216.42219969926128;26.33367513810176;69.43365900120745;220.5008104768717;37.397665390998455;259.8135500316832
2020;Mexique;19.589256227696023;220.71467460505193;26.871911558141782;65.78761011003618;223.93891581883136;37.249285205790855;255.73366323791825
2021;Mexique;21.563935916631223;230.846914482815;28.760090972394693;66.62045829229527;232.15248975294745;39.82127641427729;247.93863359626857
2000;Nigeria;9.34115299808541;53.517798560043445;8.89896341226101;349.62817857577863;217.10391831248305;1.1570428524262255;4043.4355446480176
2001;Nigeria;9.32268033387578;52.88993947071312;8.826308573329722;338.5156773061729;218.3230597512997;1.1713254493882352;4250.292095133702
2002;Nigeria;9.419617701842872;53.06169209684489;8.954913322324693;328.0248469863677;223.57343132335168;1.1896135570038755;4325.9119132218275
2003;Nigeria;9.083844283421682;51.690680079478575;8.835886105699334;309.29076439499767;222.90841348019956;1.1396097628807451;4225.378213793544
2004;Nigeria;8.908032134932023;50.91399214673024;8.861305947791411;295.5107469427347;225.85805014123935;1.1038467785441002;4108.085178484683
2005;Nigeria;8.700529280268583;49.89280856479731;8.835845989898536;283.829942503382;227.39507193458007;1.0719634865957874;3940.527943348224
2006;Nigeria;8.590543511116696;48.726263736585835;8.849610022732328;272.8174861182628;230.17376050839127;1.056081458407906;3665.8961828053702
2007;Nigeria;8.565823304476005;47.40354735622776;8.823104434292638;261.29713310050926;230.08774270595137;1.085617757180312;3404.3032322428003
2008;Nigeria;7.647548050719987;45.18720013061998;8.80958889967095;248.4364055857357;229.45391469288913;0.889882536011206;3149.962364090153
2009;Nigeria;7.11201273305606;43.982644303584046;8.984470278720366;240.27031523051247;234.93773244983905;0.7880293242663978;2910.055688696456
2010;Nigeria;6.771024942252304;43.53641463053881;9.327398501405613;234.99829898020263;242.33304636432072;0.7200667895736166;2821.121657975646
2011;Nigeria;6.425760522784212;42.04501588674754;9.475271657771328;224.6513009129044;246.14543972743988;0.6588151920705798;2697.618400480815
2012;Nigeria;6.276026198647146;42.184065598051866;9.90704315842529;215.36507975847104;258.8650399605457;0.6899095819874993;2478.728115893761
2013;Nigeria;6.318895093727726;43.297279185830085;10.638576437564431;210.621474087876;282.3996368257942;0.7238024739077746;2196.16673197566
2014;Nigeria;6.472915739696125;42.563340589321285;11.02194296724059;205.0759819484898;291.5540053270248;0.7225442538474106;1986.645514769836
2015;Nigeria;6.626464879027409;41.2186917335803;11.189612479585923;198.1090912164379;296.283331280156;0.6616381806216112;1926.8396218234784
2016;Nigeria;6.6810489862252735;40.19076494981077;11.208952598289375;195.1301548834218;292.74368472939557;0.6011399131077977;2009.542900423012
2017;Nigeria;6.751316041029307;40.140150070423985;11.451988854807688;191.6949248729748;300.65084045129123;0.6106640599105932;2085.2241118401284
2018;Nigeria;6.769583449261924;39.76968109807215;11.58773688041194;186.26230384769292;305.7765687116783;0.6125997665273025;2170.0608815262444
2019;Nigeria;6.753241982042495;39.207564796534754;11.68932955738882;180.75218306216368;312.2391236522051;0.6079127094624527;2208.21408189813
2020;Nigeria;6.715624620529988;39.14199251595186;11.801189825332711;182.03838997842976;320.83777384873497;0.6061495262382638;2147.456609863641
2021;Nigeria;6.834279743793815;39.33677632198304;12.20930898717038;182.35504221345775;338.8607854471667;0.6139032231873329;2119.2866169536996
2000;Pérou;14.492586595393362;400.0351820256963;28.941635016487883;34.75970957806921;143.43867367460618;13.497072167904763;356.39926152350097
2001;Pérou;14.488369242596736;391.7211892597022;28.7727899630237;37.09731916637156;142.36589228674052;13.13379192208328;370.20125141696366
2002;Pérou;14.716931185031711;389.9481011939325;28.946506431381525;39.718541378991496;142.03662000367223;12.97727070318784;378.6167053952324
2003;Pérou;15.535940692712003;402.80539282055855;30.1529489458239;43.13231953175991;147.68166014194023;13.131151357471344;366.8218856647113
2004;Pérou;16.106801082652158;410.22002504159;30.925338862913236;44.49058116218437;152.0158373109879;13.199709117026458;342.29126110476784
2005;Pérou;16.034099907896493;398.9661513930617;29.965267664963495;42.425085829983885;148.9591923460665;12.92505961803252;309.27904231395456
2006;Pérou;15.862525340145908;383.779053602773;28.96448107154623;40.76098292613741;145.8093888544353;12.584186019509982;279.70380935222084
2007;Pérou;16.49920546665335;388.34594342543943;29.468210651577554;41.070108590989825;149.40102694041272;12.66250320969814;258.35643119654907
2008;Pérou;17.378540624770753;396.4551362230011;30.207460792168646;41.796561221804446;154.10616793133974;12.890385655803694;251.1345666021818
2009;Pérou;17.848381001491898;395.5937296020264;30.241814125967178;41.84296167490821;154.7967790398155;12.895031182869976;253.66720094322633
2010;Pérou;18.288181778514108;393.7901177225255;30.23080625306044;42.21989589501769;155.98878589685492;13.11077941987486;249.63857910279097
2011;Pérou;18.45967955293445;381.4956429489621;29.81355626680396;41.91363027646996;154.85351150729764;13.01652256889969;241.0372459358472
2012;Pérou;18.59494294157174;368.8475235484371;29.361930768595887;41.6018099309894;153.46834722904666;12.88406708969916;231.0085684015725
2013;Pérou;18.721037674815417;356.74871519672763;28.92077532034172;41.56093198477391;152.24445084858962;12.815780832944377;224.85150994019037
2014;Pérou;18.754902109552276;344.254843014954;28.366955741302174;41.486477981707495;150.93901313359453;12.634303501905611;221.56990961209345
2015;Pérou;18.987793828485295;334.5460017701675;28.209493671935245;41.98330367049665;151.42837052420862;12.63206089088417;226.91716957341865
2016;Pérou;20.222855488765468;343.6876733744163;29.718636435555887;44.68905504639802;160.31213689466563;13.11656135061725;242.15920729217328
2017;Pérou;22.595810123220357;374.4766107844426;32.864568436237384;49.867673214597936;176.76475342449854;13.811286386045865;273.0748650831885
2018;Pérou;24.46969176035984;397.2520708691322;35.301210785867454;54.294231507458335;191.55757355962655;14.614284531597644;308.36626173064514
2019;Pérou;25.325302304486407;412.4283264189681;36.76163639954358;57.94043896616513;202.942076247972;15.786976459765595;337.9766714262824
2020;Pérou;25.2537308492445;423.4614129337995;36.13731102153974;60.215557795174746;200.76740113436267;15.555081600022078;297.3411285789383
2021;Pérou;31.23598745941069;508.9529970916531;47.25804156753435;73.7649664412357;264.0889981142696;18.45072352038849;298.3368314496958
2000;Royaume-Uni;14.603209330876233;291.11575631990434;46.90307685501885;83.90612312092887;674.495143021562;8.88168078597271;30.951747099137457
2001;Royaume-Uni;14.457657014335592;283.2179890093382;52.992214860997215;89.62563944911523;663.8167715399542;8.31960653907996;32.26046851195899
2002;Royaume-Uni;14.862036019954893;276.45072160528736;54.71681684006777;95.72874547095068;652.9272626503681;8.494851317775774;33.18083225011629
2003;Royaume-Uni;15.654346957738577;267.17118674283006;56.02554853869398;101.51246452490363;642.0779306184656;8.829899500501535;34.245517087538616
2004;Royaume-Uni;15.071484594774956;254.33964365552717;56.28024780640734;106.17132678401256;618.6724898089584;8.432275962404393;32.907342578019886
2005;Royaume-Uni;15.193166193432884;245.4184017911196;57.29823216684534;112.69011193671614;612.9369139621507;8.082091964979211;33.80076598753299
2006;Royaume-Uni;15.208146184589117;232.61840472643172;57.282074484157725;119.06981002150818;598.7372080467248;8.016858885676191;35.014741626737106
2007;Royaume-Uni;15.51140394888243;228.98641308632463;58.11333415594482;125.771443894948;587.7900116903712;7.414395496053698;35.81549907700804
2008;Royaume-Uni;15.728247588643338;226.26273250916785;60.47639885801857;132.0965797878493;580.0851541948904;7.815956630773631;36.00672185077513
2009;Royaume-Uni;15.170829098601256;218.45759734461575;61.05389851793862;137.08104809569096;557.341670011586;7.762079096587283;35.71898813891449
2010;Royaume-Uni;15.21341405262345;214.39750170291225;65.06542898440783;145.55236335543;545.4104311929124;7.747552638403078;34.76861344408594
2011;Royaume-Uni;14.815434927418965;204.8486613140383;64.78766835036114;152.27968595200957;535.9244673615295;7.047161776275622;32.337388016648376
2012;Royaume-Uni;15.40474677839022;202.51012004241588;67.70276722515456;163.0046072586815;531.2882805308009;6.621615161856916;31.53844080589242
2013;Royaume-Uni;15.933433377817565;199.69264501952375;68.45527979539006;171.35239844615677;518.4778756368734;6.5712973572893025;31.38122873205408
2014;Royaume-Uni;15.47473859859501;193.01039653870745;70.61988612113016;175.02007415715602;502.9997483879545;6.344335460029094;29.89411803093301
2015;Royaume-Uni;15.97096345706449;192.49736129742485;74.4447316326122;183.4950738018224;506.4445599566913;6.625074058136576;31.31661362601205
2016;Royaume-Uni;15.565505938181705;189.6496925949499;76.41836096684857;189.51007678552017;499.58248926109974;6.00859130968677;31.292461527679784
2017;Royaume-Uni;15.891005806248124;186.01289815007476;77.58497454992681;196.5781892746737;493.82127063449354;5.978951637593535;30.47373922452516
2018;Royaume-Uni;16.19712053734263;184.51967969458852;80.16703418512544;200.58624972142013;494.87615612435366;5.841242623469158;29.272811561349787
2019;Royaume-Uni;15.648573525547322;177.6341329566429;80.11964732815063;202.40537639028116;483.9033739192851;6.020773563092759;28.740040245488768
2020;Royaume-Uni;15.756346353235394;177.2508575609039;82.20434333083692;210.37854271905212;485.7757353480649;5.790702064362505;28.92572464387676
2021;Royaume-Uni;15.939718253890682;170.47511929553116;82.09966403851801;207.25709085022763;467.689980428253;6.57821945783584;28.8037663136668
2000;Russie;22.36240205704122;857.2088858377687;110.44041672965716;63.97223675190057;480.7470140096157;16.610548974393325;303.7597901716153
2001;Russie;24.425598966985717;834.5332351723106;109.38821012761588;58.620270356830154;481.48803673559064;15.893674605014027;316.1597905889369
2002;Russie;25.8524669188914;817.6304328890204;111.33722599050142;60.852269706146735;492.3569336876732;15.376560483368944;331.4539516784517
2003;Russie;25.134260643878367;799.9014860389016;113.03177040259092;62.99553164617239;503.8121973766999;15.475160148231216;349.04120941809236
2004;Russie;24.3287675301106;772.6136108543897;113.76890241931412;64.2961929598718;507.85265989788263;16.03905866069849;363.1175730234343
2005;Russie;24.287231974998345;744.4246844042632;112.75702710416056;65.7506383311016;502.10695105990186;14.783384893672492;393.53644861838336
2006;Russie;23.699350189844782;710.727599340553;112.9741217918648;65.46003484942588;490.48436538980553;14.18072723613003;402.7772726822728
2007;Russie;23.075460187247774;696.9623303148642;113.49964883841092;67.5572877289509;490.6088781575722;14.155079956985032;421.576075050526
2008;Russie;23.439200801945695;685.3216410461797;116.65455342205;71.8200537303762;497.9509486456539;14.15229362573798;455.9391401268038
2009;Russie;23.22550285863315;668.6398039769106;117.77553340671008;74.71394367865928;501.228141528156;14.145976088342232;480.9059913505188
2010;Russie;23.611061648640217;655.5727100789753;122.52867982285136;78.55757989910785;505.42883952992906;14.971182115523565;528.9797120027232
2011;Russie;23.13091047006851;635.2927540440679;123.89908470292865;84.65871790730985;501.24547831054053;14.86250194923313;563.0775811353083
2012;Russie;23.031231676673983;614.5449704682779;126.17529132090992;88.7416315784721;493.4857632769466;13.823337987110293;604.1208990673713
2013;Russie;22.318601294953737;600.0371097749344;127.60104890225892;93.07781668811742;488.3727039623135;13.627878340254291;655.2874242048919
2014;Russie;22.458275355560204;588.8055736735245;127.91977741854954;98.9615615333398;484.067868740296;13.091154354316629;720.4888788044051
2015;Russie;23.16199507385295;588.2920848501223;130.46945167496227;101.99320914889948;490.5175683027163;13.16243184712131;773.0805273853885
2016;Russie;23.00329373957298;569.990417097068;127.8708292484712;101.47389080335974;479.71747318177125;12.877832806398528;823.0919505179322
2017;Russie;22.058983920367204;541.9823351896125;125.7804122317943;100.67503722174128;467.4355593467063;12.763201538731654;837.7970352383572
2018;Russie;21.12720430230335;527.9396386635487;126.12613362119228;102.34813593660286;462.3457667095484;12.365783106503642;848.9735045008217
2019;Russie;19.456533764520746;511.451185336328;125.68349099589034;104.2603740561281;453.3112663172503;11.449267117593422;822.5209381516879
2020;Russie;18.943553859178948;501.09488030033185;125.744832379906;106.5391933914602;445.6892526939154;10.978733561057282;789.8829423790191
2021;Russie;19.08231147854745;482.37121376566023;126.60665602770072;107.56426337051916;432.01300841253095;10.619987368203518;742.126339889448
2000;Suisse;19.613848145748825;233.79121858474304;63.04246489157204;140.96259516841477;572.688591543992;9.623414357442398;84.2237923588526
2001;Suisse;20.291799367446867;231.3947781685855;63.29947345170449;143.70090658063623;575.4279638245238;9.24415866322633;76.67277761464214
2002;Suisse;19.958053239351255;221.878961970269;64.12226310731576;144.2573256932696;570.4515867687414;9.27116927739347;70.86832407662477
2003;Suisse;19.798108987020605;212.7707920295966;63.29622007656732;142.99189653361705;569.6361204540759;8.524254542419476;65.8950868027099
2004;Suisse;18.936728377901105;204.9628719311405;64.33979493308864;143.77011462786967;550.6074208528538;8.44489702027648;61.286505996446
2005;Suisse;19.102479542952494;201.19923533167372;63.29863884734009;143.22977902663968;530.7188665747973;7.9753292590995954;57.06914383656477
2006;Suisse;19.045339074526563;194.5742217265317;64.73200537202794;151.1597753420779;521.0641628720028;7.636034089463295;52.7279590019096
2007;Suisse;18.726414198974098;193.95975714721652;64.64033052882623;157.36317365589974;509.52341248114345;7.614183239072878;48.89771971898065
2008;Suisse;18.019079047400815;186.61933867774812;63.22741008846257;160.07539928785667;521.570579122176;7.412011449800228;45.57705178453541
2009;Suisse;18.08656322215023;182.89814651751053;60.13520061094321;159.8025814794021;522.489658986823;7.2010134349722;43.03748139558708
2010;Suisse;18.43817773728211;180.56633710317533;60.76679287700333;158.45265422029215;508.9202398133264;7.218045166415379;40.980149909677635
2011;Suisse;17.843054959690328;181.99200401058832;60.07686769918161;161.7776624336874;489.1988469252915;7.018219234480927;39.55224976145359
2012;Suisse;17.729393673536883;181.4337701251593;61.20764887798645;171.65268918184094;478.32806970958535;6.735139324720146;38.34599799384949
2013;Suisse;17.364851270016146;186.34890788565116;61.77939511644617;175.19406212034116;465.7346459775632;6.741731535292579;37.097096067890405
2014;Suisse;17.07659235698523;182.43076174328792;61.33776689642564;172.2935580744946;460.5086393429279;6.869271492177483;35.40224333981759
2015;Suisse;16.909254884354468;178.01924739926787;60.93279678725576;175.77581182001427;461.28990650760176;6.7397581654536225;34.14784145023136
2016;Suisse;16.37534353067967;177.26245382408356;60.31363443306326;172.2625816719904;451.22993251956075;6.1135255680360645;32.46833631581666
2017;Suisse;15.604628931118654;175.98187171617278;59.66573890516969;171.23542671510984;444.35085629309543;6.019661955947987;31.12432644502408
2018;Suisse;15.418702770100795;176.53352361375573;59.841287570078045;166.5811123863348;443.9956541833862;6.404037252785463;30.247813601417462
2019;Suisse;14.648825387086154;170.0631428670512;60.33573079264421;161.53727984112027;437.9249597266529;6.1704817588757175;29.406195348030515
2020;Suisse;13.7329504211395;163.37575947535058;57.80355647612253;155.6239295672443;418.3684987138482;6.118281464797809;29.04987668217905
2021;Suisse;13.829392742090228;161.23283460227512;56.97368241985743;152.45613449265272;410.41351135082107;5.972047949005918;28.353086768837414
2000;Suède;21.055509581544435;249.3150242468707;65.86837268573031;60.00785747591444;498.8106189032345;6.1236666232234045;24.112955310859583
2001;Suède;21.79103109271087;245.28524617492815;67.53562370953125;62.518932257405616;490.6389215769846;5.981646989133639;23.775887646690332
2002;Suède;21.53773014456895;243.8379489347884;66.05271815835533;66.32992715401696;485.2291273595378;6.30150942903165;23.10176688945108
2003;Suède;20.948396487204302;234.5026781840281;64.86482869811628;65.84723524436289;488.56654688810016;6.1542927241923255;22.86244747862506
2004;Suède;20.47173647618929;228.27959466276485;65.98443226911972;68.63873330778607;490.67479811703754;6.1849246069283;22.231579515382492
2005;Suède;20.278601226858495;219.3359524790174;67.48543623215282;71.15677051438244;486.07499969964056;6.016516248945319;20.9899511935226
2006;Suède;20.28106534174549;211.20109974323637;67.62259419082503;75.8532313609884;470.8641431470242;6.151607128888137;19.907977752626305
2007;Suède;20.38130905603068;203.51536964366588;65.73408517274429;75.6120777654315;454.3142982034348;5.978396967335431;19.66018648928971
2008;Suède;20.279711897533225;195.9718148421123;66.12415974356985;79.20349458968657;453.03002798871785;5.979559160271766;18.553318019018317
2009;Suède;20.4190870677426;188.855844835666;68.41051741979116;85.76477093479735;433.0952652483607;5.797113296463272;17.759809913210457
2010;Suède;19.632736316671735;186.6103811319612;68.88424897290554;90.45615482791968;434.94535292673726;5.8448641257833955;16.98719169160019
2011;Suède;20.40102804921401;181.64884039387968;67.00372256134459;91.46645453857012;429.1616803175624;5.851267916657092;16.828219617288546
2012;Suède;19.451733587522146;177.03225328403695;67.11670468753479;100.0548900293867;427.9839893704061;6.214433516268609;16.56353209310255
2013;Suède;18.35029149067469;174.3275168183624;67.23011899895545;104.88186688978998;420.6178905837901;6.3998280087307995;15.793555414373737
2014;Suède;17.630761522164335;168.72528188116968;67.134731419124;106.38080600761728;405.9148472162255;6.1797303375212165;15.266274891043794
2015;Suède;17.74540634927003;163.20622391357125;67.92838973586605;106.00539232028288;399.98533522526606;6.106917151712406;15.652299492253738
2016;Suède;17.41105967231292;160.8537496319347;68.53663268430732;108.181707051951;392.3697310051504;5.8146284849097665;14.88197907468516
2017;Suède;17.558944668413506;155.83675087978605;69.45319948604079;111.9142377376546;388.94609011756;5.785065527485385;14.093123559222915
2018;Suède;17.579067199617107;154.44311797455146;70.16514312640388;110.94831836823904;379.2521082158773;5.905505228114989;13.445616487548786
2019;Suède;16.762095857618892;147.78550064961942;68.64450684484187;114.68517436366608;368.3886196784934;5.7131862172300405;12.663229881070292
2020;Suède;16.102840491499364;144.17924309911584;69.4438538167763;117.47927388194314;365.33663929420266;5.666328662406998;11.970499853236175
2021;Suède;15.40659193067841;139.28049791919955;68.09495510150118;120.94579325575204;351.8854063598702;5.481849270374788;11.697741324490586
2000;Sénégal;5.010834771723458;79.00929772898263;8.394761194235688;195.21629101596272;113.20284125143118;3.358619867246609;1634.5709130162093
2001;Sénégal;6.268941477208973;98.70963240938212;11.345809325282955;236.0943987182066;149.2494183595105;3.790215115923127;2073.490134425908
2002;Sénégal;6.19826976227054;97.01900721029853;11.366004296438266;224.52154792568015;147.72764453192644;3.5018330999580476;2149.023553677456
2003;Sénégal;5.66978742489614;87.35548273312847;10.2527249475315;194.49046467611987;132.86304316422866;3.0413293011144593;2108.2210986326018
2004;Sénégal;5.935648568476205;89.53456188101548;10.719079285984774;196.14160070743884;136.4156935162911;2.9667552005192506;2372.9628509543772
2005;Sénégal;5.851715633925835;88.59905546443773;10.796198034849812;188.1782707001876;134.7986296807109;2.7855360470756323;2366.0693003350275
2006;Sénégal;5.684405743422925;86.10822069774113;10.720264010270762;177.55131072218856;131.7821278421059;2.6088230193747353;2171.2529002958527
2007;Sénégal;5.907853896293117;87.87707383618488;11.34470728174946;176.55192470599803;142.2320932329432;2.598442055577728;1664.159499811515
2008;Sénégal;6.105253724830094;89.67848629273746;12.02325330164799;174.90482341953592;153.67381813877046;2.5775832183424887;1209.8953554117195
2009;Sénégal;6.148958230335128;91.04121963293034;12.699760916083935;171.99917173200933;159.20843173778434;2.5459073725912136;1210.6208087621717
2010;Sénégal;5.6212666928316315;83.20713830050498;11.88001509588812;155.25787487152118;145.92420989948857;2.314492067353602;1208.181807147051
2011;Sénégal;5.580769713818945;82.18713129859228;12.148312520734136;152.0231773665901;146.54221938264936;2.2748608436557936;1281.171913540634
2012;Sénégal;5.223708379027252;76.31725532783155;11.528561568522973;140.6243045634938;137.64165133452852;2.1548894986330223;1321.804615461647
2013;Sénégal;5.269517903316074;76.8911540287082;11.904227097770503;141.0299202725673;140.58766993030534;2.1880195221325502;1374.2172385877625
2014;Sénégal;5.5493968032413425;78.71789240288307;12.582756459420334;145.6061313660313;150.23643992026575;2.2621677966041323;1371.9806866563522
2015;Sénégal;5.394318710287907;74.3025880661408;12.093079155230226;136.6254578789015;147.2133602978022;2.191034716241182;1198.9110111550706
2016;Sénégal;5.735515883014288;77.9111562074863;12.993799566007468;140.21160979275257;160.2171496824394;2.271406175322769;1139.8230523218158
2017;Sénégal;5.840474017222928;77.37878782604697;13.126475811268666;136.6383392936875;166.4106472418161;2.262772652283497;1020.9072795247264
2018;Sénégal;5.842498783933932;75.50075921675631;12.968081404978449;131.78825439711014;168.93444005467478;2.2340794026380664;877.6314048094871
2019;Sénégal;6.424112201483005;81.8489658426861;14.498892502526564;140.31120036135525;192.5834375425437;2.3995308243686;822.6513599768903
2020;Sénégal;6.143811264830911;77.50839645984804;13.57304417701936;134.92983312678183;184.67917903718592;2.31182647030555;732.0053377848282
2021;Sénégal;6.143185865907005;77.68209707926667;13.423592211677684;136.3612395649413;186.31247267527613;2.314159022842409;662.9349381838057
2000;Togo;5.424580387082688;81.90265629134205;10.81784879809847;181.17877584832945;129.93272506644655;3.295690864035412;8512.979239721066
2001;Togo;5.3756385811225265;79.79680864319923;10.749658420899348;175.48316198650502;129.9297693085427;3.1700780505974233;8895.848502774485
2002;Togo;5.420086105663725;78.05382551747671;10.826860497658226;171.26552667443568;131.1118499063851;3.0248201423013596;9269.778248638033
2003;Togo;5.384447710374577;75.69091922121605;10.78076072750035;162.5561143646232;131.66865598069046;2.836948275735535;9132.49210260019
2004;Togo;5.392706405750129;75.12835488790368;10.884016004903506;158.5040779151659;133.97311457872084;2.7273382088534293;8709.621924564803
2005;Togo;5.41407925705718;75.26775066244369;11.068234204521048;156.61679931340825;137.60093964840604;2.654488661083137;8043.017478376703
2006;Togo;5.506512993287866;76.21542147013996;11.464034079554937;155.39017018504765;143.2520152412268;2.6164345193433656;7615.782708148329
2007;Togo;5.394246995430275;74.20502177335898;11.407565862786518;148.1600643211187;141.93775656012687;2.5499404920276474;7458.515051021443
2008;Togo;5.567747536119396;76.45858028798543;12.091068382431478;148.6939507298379;150.80905296711666;2.5523639985841124;7224.638750758785
2009;Togo;5.865922499255268;80.20106352570512;12.981433711148034;152.5133998529361;164.41361591792554;2.6327677000579386;6515.328880273577
2010;Togo;6.163465446494972;83.76778076022161;13.822949727911649;156.17291412685458;179.26303205938322;2.7031730244792427;5424.204241016637
2011;Togo;6.400283268494087;85.3827093234525;14.422315179053754;158.51048167756937;190.3479509811488;2.7584388217083817;4764.241798399027
2012;Togo;6.474138677284119;84.12527794576364;14.664595637541924;154.14678233902848;196.2711845091363;2.6816479919399883;4511.545393876421
2013;Togo;6.53914463754256;83.15497983634752;14.942112909253373;149.5559684594971;202.408607470313;2.582399624520077;4369.990168492574
2014;Togo;6.576017556077156;82.319782521206;15.043403610382388;146.5784639517616;205.89765985371153;2.5318189907982127;4377.533903189304
2015;Togo;6.823012002862269;84.56724672009284;15.651972964171485;148.81655021190295;217.6765454700393;2.5512798259829546;4101.120797489273
2016;Togo;7.2636348402710285;88.8619600724821;16.753386463009054;153.1495994834367;238.66924910299647;2.6202397791065892;3624.19042252036
2017;Togo;7.864858268381935;94.53402343660888;18.24049272381653;157.78146962350826;267.25431602274296;2.683645499967427;3231.5003256976956
2018;Togo;8.141617964256998;97.41419069932572;19.009103998017068;159.2586153137681;284.69057058884795;2.749815049458559;2845.2264939792585
2019;Togo;8.491011665784738;101.5785944221948;19.972129952534186;164.92059779455477;304.7980917938814;2.8615085075213704;2526.542461397094
2020;Togo;8.476918293330046;101.54439441447325;19.979870152585963;166.2648942302142;312.05715284816154;2.864111308652234;2292.4786559849085
2021;Togo;8.915653435123108;106.34089821820382;21.300825278553702;177.1058385510961;338.37591266970674;2.9496773975348285;2205.6629163234247
2000;Turquie;11.977631271498934;311.62814832782857;25.550485418440665;56.33710300022742;193.6166413128681;13.600192818443643;5.416905658672578
2001;Turquie;11.7975731375919;301.9626622371677;25.43343254271202;55.716199137017554;194.4772712897119;12.642294155678623;5.758855281160521
2002;Turquie;11.828377276724924;297.49985463072767;25.859977337426425;55.87492105399164;199.0897145861266;11.992006951628218;6.1255099999409115
2003;Turquie;11.67451940576909;290.84853279220215;25.837464179453676;55.87758563545725;200.3900207831328;11.567644061678472;6.470843445754904
2004;Turquie;11.668080427931764;287.44361456537376;25.915344603771917;56.52014432182344;201.74448245584492;11.944431710197136;6.784663030855337
2005;Turquie;12.028085261545067;292.99076744076825;26.84539860323005;58.82746355910446;208.13188177182647;12.332618467271692;7.306252138108611
2006;Turquie;12.421223217575037;301.11904377856814;27.759986594063747;61.4544014015573;214.83853657047015;12.40883371229008;7.895410441690902
2007;Turquie;12.44154299407882;300.79499631751;27.83041651473005;62.063348157188706;215.4159466835323;12.049374359430214;8.398748266231674
2008;Turquie;11.967831740302127;288.61690885075245;26.82675636023517;60.13573530421096;207.43832846725175;11.254673434494864;8.997664612859394
2009;Turquie;10.93620743701744;261.7412020611667;24.67065717089991;55.01080610465994;189.408001179593;10.083715126366169;9.676550483550988
2010;Turquie;10.83895561507331;257.10276072837274;24.502102959048305;54.610200517602976;183.52094272599103;9.76334968504721;10.294053691536618
2011;Turquie;11.287803463761524;265.76103435686474;25.68247061631645;57.552636007730015;188.32854696892215;9.89649111217002;11.068805530693329
2012;Turquie;11.643701091355853;271.200799607688;26.791128146673785;60.13992554822641;193.585891311034;10.289225588419404;12.062935076356071
2013;Turquie;12.292735870667835;283.25545821464607;28.70746011387823;64.56215478828732;203.10424973200335;10.75899478307353;13.359607289732676
2014;Turquie;12.781191623239923;291.1930436342131;30.58076022830934;67.40961811785074;212.4126309568825;10.85240601629154;14.633880530137905
2015;Turquie;13.11183829131391;295.15059113478657;31.88418625079734;69.32927638192847;218.73167131931376;11.051662954267432;15.616323758693913
2016;Turquie;13.29272160463548;299.2957695492188;32.772019424263554;71.12648620594355;223.56004852508025;11.629076358371368;16.057900597008114
2017;Turquie;13.308039617362214;298.09520982579613;33.02431351378551;71.96221796705791;225.6955433856713;11.94988190844598;16.276219852854748
2018;Turquie;13.017798544917223;291.6283706088596;32.582241661411175;72.05535362323626;224.33225203651995;11.775484756080454;16.10849800578991
2019;Turquie;13.1397190079989;293.1368584264585;33.31358190347074;74.08229984956324;230.42968189061233;11.748957109103188;16.198535384963304
2020;Turquie;13.686222214967582;302.8808654266188;34.28872232601934;78.58542561538707;236.1541325320141;11.90817722495313;15.59779412391019
2021;Turquie;14.55686220391384;315.11300612862766;37.00719739103973;83.72496235751545;260.4276237599818;12.92794143198986;15.309191237624674
2000;États Unis;15.853561708424328;129.04777059539646;54.412199169406485;92.59563305397472;499.31512481912455;9.086437859687098;306.5196916767419
2001;États Unis;16.10636872756295;126.12928846153686;54.78981615788744;94.75488029144348;494.90181140160104;8.899754318183902;292.65807552990117
2002;États Unis;15.98566853261686;124.70690483565711;55.25181696772244;98.57632169234356;490.2990061980437;9.310304958498124;282.3254224241277
2003;États Unis;15.30011223472744;123.78841850409091;55.55402332558957;103.25890460106436;485.7712749317705;8.84437551360098;269.8845994240317
2004;États Unis;15.219984919593712;119.29503783293342;55.26221417244934;104.85215567747916;472.5708048830906;8.681019743634609;254.00270425278396
2005;États Unis;15.907288652657568;117.43354547285826;56.680956355914766;109.04772864711676;470.6988199172712;8.562191760808837;242.60721940480457
2006;États Unis;16.24055436137288;115.10179273636965;57.70678936574602;111.39499765950865;460.3745121412491;8.50627572044008;228.8111131391255
2007;États Unis;16.442829799087875;113.53691031232762;58.30461350185837;114.80001195273064;450.5500205564258;8.148555260445573;211.47778134801712
2008;États Unis;17.087327774298462;113.85299127096364;60.25425570235118;121.14788436865828;452.0507896813016;8.339354476105408;194.8712352952625
2009;États Unis;17.412920395977963;111.7655640829484;60.78999291609318;127.0213971834467;447.85112801914255;8.532988400889396;179.41762603289146
2010;États Unis;17.358333898835696;111.54277990956284;64.00902424637637;132.75936373078932;444.3351068633664;8.676384545267165;165.0949932093376
2011;États Unis;17.414749693966865;110.19776304580904;66.23119835659745;138.33963212056258;441.68247994247946;8.381732149770999;155.11384447215983
2012;États Unis;17.258332638579684;110.33835387006502;67.88323806723045;142.5460430453747;437.7001717605909;8.416803956598992;145.90447367619296
2013;États Unis;17.797081637055285;110.92253767939566;70.91351723718928;146.79772013126583;434.8100283003446;8.292435711958339;138.87259969300487
2014;États Unis;17.962916137101452;110.30187427654434;73.6723406861617;149.1491566952738;431.9425972098964;8.406303782238595;133.51197724963407
2015;États Unis;18.393669278936503;111.40941893867208;77.19717512381352;155.26446791433085;432.8798282123255;8.229396403822964;129.44076700398446
2016;États Unis;18.87904591144681;111.24546062087153;81.63304103461984;161.74857770905632;430.14535697369377;8.877273907623357;125.91355284694995
2017;États Unis;18.447445973159255;109.6982170102538;84.63389479801695;165.573686464133;428.454347406136;8.986862976189013;120.60413688201818
2018;États Unis;18.52755730538688;108.0847297368714;86.04880129319066;167.48092777962117;421.7364018565635;8.570750636340565;115.66739220230066
2019;États Unis;18.461118331086485;107.6085743941388;87.92037852673467;168.38854091828614;416.96282296657427;9.004802732643357;112.54594975127029
2020;États Unis;18.897346112450403;110.63502596629787;92.37628445266694;172.95604598867803;422.0986830934719;9.695322358854266;113.11787780371864
2021;États Unis;19.3668743250909;109.34216542231673;94.13442891679377;174.7787706128701;417.3338071118365;10.058981828367571;112.07694936219455
