Code_Pays;Pays;Années;IDH
ZAF;Afrique du Sud;2000;0.618
ZAF;Afrique du Sud;2001;0.613
ZAF;Afrique du Sud;2002;0.614
ZAF;Afrique du Sud;2003;0.61
ZAF;Afrique du Sud;2004;0.613
ZAF;Afrique du Sud;2005;0.616
ZAF;Afrique du Sud;2006;0.622
ZAF;Afrique du Sud;2007;0.632
ZAF;Afrique du Sud;2008;0.643
ZAF;Afrique du Sud;2009;0.657
ZAF;Afrique du Sud;2010;0.669
ZAF;Afrique du Sud;2011;0.683
ZAF;Afrique du Sud;2012;0.696
ZAF;Afrique du Sud;2013;0.705
ZAF;Afrique du Sud;2014;0.713
ZAF;Afrique du Sud;2015;0.722
ZAF;Afrique du Sud;2016;0.722
ZAF;Afrique du Sud;2017;0.726
ZAF;Afrique du Sud;2018;0.732
ZAF;Afrique du Sud;2019;0.742
ZAF;Afrique du Sud;2020;0.724
ZAF;Afrique du Sud;2021;0.721
DEU;Allemagne;2000;0.897
DEU;Allemagne;2001;0.904
DEU;Allemagne;2002;0.909
DEU;Allemagne;2003;0.914
DEU;Allemagne;2004;0.923
DEU;Allemagne;2005;0.923
DEU;Allemagne;2006;0.927
DEU;Allemagne;2007;0.931
DEU;Allemagne;2008;0.933
DEU;Allemagne;2009;0.933
DEU;Allemagne;2010;0.936
DEU;Allemagne;2011;0.942
DEU;Allemagne;2012;0.944
DEU;Allemagne;2013;0.945
DEU;Allemagne;2014;0.949
DEU;Allemagne;2015;0.948
DEU;Allemagne;2016;0.949
DEU;Allemagne;2017;0.951
DEU;Allemagne;2018;0.952
DEU;Allemagne;2019;0.957
DEU;Allemagne;2020;0.955
DEU;Allemagne;2021;0.958
BRA;Brésil;2000;0.69
BRA;Brésil;2001;0.694
BRA;Brésil;2002;0.7
BRA;Brésil;2003;0.705
BRA;Brésil;2004;0.712
BRA;Brésil;2005;0.718
BRA;Brésil;2006;0.725
BRA;Brésil;2007;0.732
BRA;Brésil;2008;0.739
BRA;Brésil;2009;0.742
BRA;Brésil;2010;0.748
BRA;Brésil;2011;0.753
BRA;Brésil;2012;0.758
BRA;Brésil;2013;0.762
BRA;Brésil;2014;0.765
BRA;Brésil;2015;0.764
BRA;Brésil;2016;0.765
BRA;Brésil;2017;0.77
BRA;Brésil;2018;0.774
BRA;Brésil;2019;0.776
BRA;Brésil;2020;0.77
BRA;Brésil;2021;0.768
CAN;Canada;2000;0.894
CAN;Canada;2001;0.897
CAN;Canada;2002;0.899
CAN;Canada;2003;0.902
CAN;Canada;2004;0.906
CAN;Canada;2005;0.909
CAN;Canada;2006;0.913
CAN;Canada;2007;0.914
CAN;Canada;2008;0.916
CAN;Canada;2009;0.915
CAN;Canada;2010;0.918
CAN;Canada;2011;0.921
CAN;Canada;2012;0.927
CAN;Canada;2013;0.93
CAN;Canada;2014;0.932
CAN;Canada;2015;0.932
CAN;Canada;2016;0.933
CAN;Canada;2017;0.935
CAN;Canada;2018;0.935
CAN;Canada;2019;0.937
CAN;Canada;2020;0.931
CAN;Canada;2021;0.937
CHL;Chili;2000;0.771
CHL;Chili;2001;0.778
CHL;Chili;2002;0.784
CHL;Chili;2003;0.789
CHL;Chili;2004;0.797
CHL;Chili;2005;0.804
CHL;Chili;2006;0.804
CHL;Chili;2007;0.812
CHL;Chili;2008;0.82
CHL;Chili;2009;0.819
CHL;Chili;2010;0.823
CHL;Chili;2011;0.823
CHL;Chili;2012;0.832
CHL;Chili;2013;0.845
CHL;Chili;2014;0.849
CHL;Chili;2015;0.855
CHL;Chili;2016;0.859
CHL;Chili;2017;0.862
CHL;Chili;2018;0.866
CHL;Chili;2019;0.867
CHL;Chili;2020;0.856
CHL;Chili;2021;0.865
HKG;Chine;2000;0.839
HKG;Chine;2001;0.847
HKG;Chine;2002;0.854
HKG;Chine;2003;0.861
HKG;Chine;2004;0.866
HKG;Chine;2005;0.872
HKG;Chine;2006;0.879
HKG;Chine;2007;0.891
HKG;Chine;2008;0.907
HKG;Chine;2009;0.909
HKG;Chine;2010;0.912
HKG;Chine;2011;0.918
HKG;Chine;2012;0.923
HKG;Chine;2013;0.928
HKG;Chine;2014;0.932
HKG;Chine;2015;0.937
HKG;Chine;2016;0.94
HKG;Chine;2017;0.946
HKG;Chine;2018;0.952
HKG;Chine;2019;0.952
HKG;Chine;2020;0.95
HKG;Chine;2021;0.961
KOR;Corée du Sud;2000;0.83
KOR;Corée du Sud;2001;0.838
KOR;Corée du Sud;2002;0.846
KOR;Corée du Sud;2003;0.852
KOR;Corée du Sud;2004;0.859
KOR;Corée du Sud;2005;0.866
KOR;Corée du Sud;2006;0.871
KOR;Corée du Sud;2007;0.876
KOR;Corée du Sud;2008;0.878
KOR;Corée du Sud;2009;0.881
KOR;Corée du Sud;2010;0.894
KOR;Corée du Sud;2011;0.899
KOR;Corée du Sud;2012;0.901
KOR;Corée du Sud;2013;0.905
KOR;Corée du Sud;2014;0.91
KOR;Corée du Sud;2015;0.914
KOR;Corée du Sud;2016;0.918
KOR;Corée du Sud;2017;0.922
KOR;Corée du Sud;2018;0.924
KOR;Corée du Sud;2019;0.927
KOR;Corée du Sud;2020;0.928
KOR;Corée du Sud;2021;0.933
CIV;Côte d'Ivoire;2000;0.419
CIV;Côte d'Ivoire;2001;0.422
CIV;Côte d'Ivoire;2002;0.424
CIV;Côte d'Ivoire;2003;0.425
CIV;Côte d'Ivoire;2004;0.43
CIV;Côte d'Ivoire;2005;0.435
CIV;Côte d'Ivoire;2006;0.44
CIV;Côte d'Ivoire;2007;0.445
CIV;Côte d'Ivoire;2008;0.452
CIV;Côte d'Ivoire;2009;0.458
CIV;Côte d'Ivoire;2010;0.465
CIV;Côte d'Ivoire;2011;0.469
CIV;Côte d'Ivoire;2012;0.478
CIV;Côte d'Ivoire;2013;0.487
CIV;Côte d'Ivoire;2014;0.511
CIV;Côte d'Ivoire;2015;0.519
CIV;Côte d'Ivoire;2016;0.53
CIV;Côte d'Ivoire;2017;0.539
CIV;Côte d'Ivoire;2018;0.545
CIV;Côte d'Ivoire;2019;0.552
CIV;Côte d'Ivoire;2020;0.553
CIV;Côte d'Ivoire;2021;0.557
ESP;Espagne;2000;0.833
ESP;Espagne;2001;0.839
ESP;Espagne;2002;0.844
ESP;Espagne;2003;0.846
ESP;Espagne;2004;0.852
ESP;Espagne;2005;0.857
ESP;Espagne;2006;0.862
ESP;Espagne;2007;0.864
ESP;Espagne;2008;0.865
ESP;Espagne;2009;0.867
ESP;Espagne;2010;0.875
ESP;Espagne;2011;0.879
ESP;Espagne;2012;0.881
ESP;Espagne;2013;0.886
ESP;Espagne;2014;0.89
ESP;Espagne;2015;0.895
ESP;Espagne;2016;0.9
ESP;Espagne;2017;0.902
ESP;Espagne;2018;0.905
ESP;Espagne;2019;0.91
ESP;Espagne;2020;0.901
ESP;Espagne;2021;0.912
FRA;France;2000;0.852
FRA;France;2001;0.855
FRA;France;2002;0.858
FRA;France;2003;0.862
FRA;France;2004;0.869
FRA;France;2005;0.877
FRA;France;2006;0.881
FRA;France;2007;0.884
FRA;France;2008;0.884
FRA;France;2009;0.883
FRA;France;2010;0.888
FRA;France;2011;0.892
FRA;France;2012;0.893
FRA;France;2013;0.896
FRA;France;2014;0.9
FRA;France;2015;0.901
FRA;France;2016;0.905
FRA;France;2017;0.908
FRA;France;2018;0.911
FRA;France;2019;0.914
FRA;France;2020;0.909
FRA;France;2021;0.915
IND;Inde;2000;0.501
IND;Inde;2001;0.511
IND;Inde;2002;0.516
IND;Inde;2003;0.529
IND;Inde;2004;0.538
IND;Inde;2005;0.547
IND;Inde;2006;0.557
IND;Inde;2007;0.566
IND;Inde;2008;0.574
IND;Inde;2009;0.579
IND;Inde;2010;0.59
IND;Inde;2011;0.603
IND;Inde;2012;0.609
IND;Inde;2013;0.615
IND;Inde;2014;0.625
IND;Inde;2015;0.633
IND;Inde;2016;0.644
IND;Inde;2017;0.649
IND;Inde;2018;0.648
IND;Inde;2019;0.651
IND;Inde;2020;0.652
IND;Inde;2021;0.647
IDN;Indonésie;2000;0.6
IDN;Indonésie;2001;0.608
IDN;Indonésie;2002;0.617
IDN;Indonésie;2003;0.625
IDN;Indonésie;2004;0.624
IDN;Indonésie;2005;0.638
IDN;Indonésie;2006;0.646
IDN;Indonésie;2007;0.649
IDN;Indonésie;2008;0.653
IDN;Indonésie;2009;0.663
IDN;Indonésie;2010;0.67
IDN;Indonésie;2011;0.678
IDN;Indonésie;2012;0.686
IDN;Indonésie;2013;0.69
IDN;Indonésie;2014;0.693
IDN;Indonésie;2015;0.701
IDN;Indonésie;2016;0.705
IDN;Indonésie;2017;0.712
IDN;Indonésie;2018;0.715
IDN;Indonésie;2019;0.714
IDN;Indonésie;2020;0.71
IDN;Indonésie;2021;0.707
IRN;Iran;2000;0.71
IRN;Iran;2001;0.719
IRN;Iran;2002;0.727
IRN;Iran;2003;0.732
IRN;Iran;2004;0.741
IRN;Iran;2005;0.746
IRN;Iran;2006;0.757
IRN;Iran;2007;0.761
IRN;Iran;2008;0.765
IRN;Iran;2009;0.771
IRN;Iran;2010;0.778
IRN;Iran;2011;0.787
IRN;Iran;2012;0.795
IRN;Iran;2013;0.794
IRN;Iran;2014;0.795
IRN;Iran;2015;0.788
IRN;Iran;2016;0.791
IRN;Iran;2017;0.793
IRN;Iran;2018;0.79
IRN;Iran;2019;0.787
IRN;Iran;2020;0.775
IRN;Iran;2021;0.777
JPN;Japon;2000;0.889
JPN;Japon;2001;0.892
JPN;Japon;2002;0.894
JPN;Japon;2003;0.896
JPN;Japon;2004;0.899
JPN;Japon;2005;0.9
JPN;Japon;2006;0.903
JPN;Japon;2007;0.905
JPN;Japon;2008;0.905
JPN;Japon;2009;0.905
JPN;Japon;2010;0.907
JPN;Japon;2011;0.906
JPN;Japon;2012;0.909
JPN;Japon;2013;0.912
JPN;Japon;2014;0.914
JPN;Japon;2015;0.917
JPN;Japon;2016;0.918
JPN;Japon;2017;0.92
JPN;Japon;2018;0.921
JPN;Japon;2019;0.922
JPN;Japon;2020;0.922
JPN;Japon;2021;0.922
MAR;Maroc;2000;0.528
MAR;Maroc;2001;0.539
MAR;Maroc;2002;0.55
MAR;Maroc;2003;0.56
MAR;Maroc;2004;0.567
MAR;Maroc;2005;0.573
MAR;Maroc;2006;0.579
MAR;Maroc;2007;0.586
MAR;Maroc;2008;0.593
MAR;Maroc;2009;0.598
MAR;Maroc;2010;0.607
MAR;Maroc;2011;0.619
MAR;Maroc;2012;0.629
MAR;Maroc;2013;0.639
MAR;Maroc;2014;0.648
MAR;Maroc;2015;0.659
MAR;Maroc;2016;0.665
MAR;Maroc;2017;0.674
MAR;Maroc;2018;0.68
MAR;Maroc;2019;0.687
MAR;Maroc;2020;0.683
MAR;Maroc;2021;0.69
MEX;Mexique;2000;0.712
MEX;Mexique;2001;0.715
MEX;Mexique;2002;0.722
MEX;Mexique;2003;0.728
MEX;Mexique;2004;0.732
MEX;Mexique;2005;0.736
MEX;Mexique;2006;0.745
MEX;Mexique;2007;0.747
MEX;Mexique;2008;0.75
MEX;Mexique;2009;0.749
MEX;Mexique;2010;0.751
MEX;Mexique;2011;0.757
MEX;Mexique;2012;0.764
MEX;Mexique;2013;0.765
MEX;Mexique;2014;0.769
MEX;Mexique;2015;0.773
MEX;Mexique;2016;0.778
MEX;Mexique;2017;0.781
MEX;Mexique;2018;0.785
MEX;Mexique;2019;0.788
MEX;Mexique;2020;0.763
MEX;Mexique;2021;0.761
NGA;Nigeria;2000;0.435
NGA;Nigeria;2001;0.438
NGA;Nigeria;2002;0.451
NGA;Nigeria;2003;0.464
NGA;Nigeria;2004;0.477
NGA;Nigeria;2005;0.484
NGA;Nigeria;2006;0.489
NGA;Nigeria;2007;0.492
NGA;Nigeria;2008;0.497
NGA;Nigeria;2009;0.499
NGA;Nigeria;2010;0.502
NGA;Nigeria;2011;0.508
NGA;Nigeria;2012;0.512
NGA;Nigeria;2013;0.517
NGA;Nigeria;2014;0.524
NGA;Nigeria;2015;0.53
NGA;Nigeria;2016;0.532
NGA;Nigeria;2017;0.534
NGA;Nigeria;2018;0.537
NGA;Nigeria;2019;0.544
NGA;Nigeria;2020;0.547
NGA;Nigeria;2021;0.554
PER;Pérou;2000;0.682
PER;Pérou;2001;0.69
PER;Pérou;2002;0.69
PER;Pérou;2003;0.689
PER;Pérou;2004;0.694
PER;Pérou;2005;0.691
PER;Pérou;2006;0.697
PER;Pérou;2007;0.708
PER;Pérou;2008;0.714
PER;Pérou;2009;0.717
PER;Pérou;2010;0.731
PER;Pérou;2011;0.738
PER;Pérou;2012;0.748
PER;Pérou;2013;0.757
PER;Pérou;2014;0.763
PER;Pérou;2015;0.768
PER;Pérou;2016;0.775
PER;Pérou;2017;0.775
PER;Pérou;2018;0.78
PER;Pérou;2019;0.784
PER;Pérou;2020;0.769
PER;Pérou;2021;0.764
GBR;Royaume-Uni;2000;0.87
GBR;Royaume-Uni;2001;0.876
GBR;Royaume-Uni;2002;0.881
GBR;Royaume-Uni;2003;0.886
GBR;Royaume-Uni;2004;0.897
GBR;Royaume-Uni;2005;0.903
GBR;Royaume-Uni;2006;0.902
GBR;Royaume-Uni;2007;0.905
GBR;Royaume-Uni;2008;0.91
GBR;Royaume-Uni;2009;0.915
GBR;Royaume-Uni;2010;0.921
GBR;Royaume-Uni;2011;0.916
GBR;Royaume-Uni;2012;0.917
GBR;Royaume-Uni;2013;0.931
GBR;Royaume-Uni;2014;0.932
GBR;Royaume-Uni;2015;0.931
GBR;Royaume-Uni;2016;0.934
GBR;Royaume-Uni;2017;0.937
GBR;Royaume-Uni;2018;0.936
GBR;Royaume-Uni;2019;0.941
GBR;Royaume-Uni;2020;0.93
GBR;Royaume-Uni;2021;0.941
RUS;Russie;2000;0.75
RUS;Russie;2001;0.758
RUS;Russie;2002;0.764
RUS;Russie;2003;0.772
RUS;Russie;2004;0.777
RUS;Russie;2005;0.78
RUS;Russie;2006;0.791
RUS;Russie;2007;0.802
RUS;Russie;2008;0.807
RUS;Russie;2009;0.805
RUS;Russie;2010;0.808
RUS;Russie;2011;0.822
RUS;Russie;2012;0.825
RUS;Russie;2013;0.83
RUS;Russie;2014;0.831
RUS;Russie;2015;0.833
RUS;Russie;2016;0.835
RUS;Russie;2017;0.838
RUS;Russie;2018;0.845
RUS;Russie;2019;0.847
RUS;Russie;2020;0.818
RUS;Russie;2021;0.813
CHE;Suisse;2000;0.892
CHE;Suisse;2001;0.895
CHE;Suisse;2002;0.896
CHE;Suisse;2003;0.901
CHE;Suisse;2004;0.906
CHE;Suisse;2005;0.909
CHE;Suisse;2006;0.918
CHE;Suisse;2007;0.926
CHE;Suisse;2008;0.934
CHE;Suisse;2009;0.942
CHE;Suisse;2010;0.945
CHE;Suisse;2011;0.946
CHE;Suisse;2012;0.949
CHE;Suisse;2013;0.952
CHE;Suisse;2014;0.956
CHE;Suisse;2015;0.957
CHE;Suisse;2016;0.959
CHE;Suisse;2017;0.96
CHE;Suisse;2018;0.962
CHE;Suisse;2019;0.965
CHE;Suisse;2020;0.963
CHE;Suisse;2021;0.968
SWE;Suède;2000;0.912
SWE;Suède;2001;0.915
SWE;Suède;2002;0.918
SWE;Suède;2003;0.923
SWE;Suède;2004;0.908
SWE;Suède;2005;0.911
SWE;Suède;2006;0.915
SWE;Suède;2007;0.917
SWE;Suède;2008;0.913
SWE;Suède;2009;0.912
SWE;Suède;2010;0.918
SWE;Suède;2011;0.92
SWE;Suède;2012;0.92
SWE;Suède;2013;0.94
SWE;Suède;2014;0.943
SWE;Suède;2015;0.945
SWE;Suède;2016;0.947
SWE;Suède;2017;0.949
SWE;Suède;2018;0.95
SWE;Suède;2019;0.955
SWE;Suède;2020;0.951
SWE;Suède;2021;0.958
SEN;Sénégal;2000;0.398
SEN;Sénégal;2001;0.404
SEN;Sénégal;2002;0.409
SEN;Sénégal;2003;0.416
SEN;Sénégal;2004;0.423
SEN;Sénégal;2005;0.43
SEN;Sénégal;2006;0.438
SEN;Sénégal;2007;0.45
SEN;Sénégal;2008;0.462
SEN;Sénégal;2009;0.47
SEN;Sénégal;2010;0.477
SEN;Sénégal;2011;0.491
SEN;Sénégal;2012;0.499
SEN;Sénégal;2013;0.504
SEN;Sénégal;2014;0.508
SEN;Sénégal;2015;0.509
SEN;Sénégal;2016;0.516
SEN;Sénégal;2017;0.517
SEN;Sénégal;2018;0.522
SEN;Sénégal;2019;0.52
SEN;Sénégal;2020;0.522
SEN;Sénégal;2021;0.522
TGO;Togo;2000;0.448
TGO;Togo;2001;0.452
TGO;Togo;2002;0.455
TGO;Togo;2003;0.46
TGO;Togo;2004;0.461
TGO;Togo;2005;0.46
TGO;Togo;2006;0.465
TGO;Togo;2007;0.458
TGO;Togo;2008;0.465
TGO;Togo;2009;0.473
TGO;Togo;2010;0.483
TGO;Togo;2011;0.495
TGO;Togo;2012;0.5
TGO;Togo;2013;0.507
TGO;Togo;2014;0.514
TGO;Togo;2015;0.523
TGO;Togo;2016;0.528
TGO;Togo;2017;0.534
TGO;Togo;2018;0.542
TGO;Togo;2019;0.549
TGO;Togo;2020;0.554
TGO;Togo;2021;0.56
TUR;Turquie;2000;0.669
TUR;Turquie;2001;0.675
TUR;Turquie;2002;0.685
TUR;Turquie;2003;0.691
TUR;Turquie;2004;0.696
TUR;Turquie;2005;0.701
TUR;Turquie;2006;0.711
TUR;Turquie;2007;0.719
TUR;Turquie;2008;0.721
TUR;Turquie;2009;0.728
TUR;Turquie;2010;0.75
TUR;Turquie;2011;0.764
TUR;Turquie;2012;0.772
TUR;Turquie;2013;0.802
TUR;Turquie;2014;0.813
TUR;Turquie;2015;0.821
TUR;Turquie;2016;0.826
TUR;Turquie;2017;0.833
TUR;Turquie;2018;0.838
TUR;Turquie;2019;0.841
TUR;Turquie;2020;0.838
TUR;Turquie;2021;0.841
USA;États-Unis;2000;0.895
USA;États-Unis;2001;0.897
USA;États-Unis;2002;0.898
USA;États-Unis;2003;0.9
USA;États-Unis;2004;0.905
USA;États-Unis;2005;0.907
USA;États-Unis;2006;0.911
USA;États-Unis;2007;0.914
USA;États-Unis;2008;0.914
USA;États-Unis;2009;0.915
USA;États-Unis;2010;0.919
USA;États-Unis;2011;0.92
USA;États-Unis;2012;0.923
USA;États-Unis;2013;0.925
USA;États-Unis;2014;0.926
USA;États-Unis;2015;0.928
USA;États-Unis;2016;0.929
USA;États-Unis;2017;0.931
USA;États-Unis;2018;0.934
USA;États-Unis;2019;0.936
USA;États-Unis;2020;0.925
USA;États-Unis;2021;0.921
