Pays,Années,HALE_femmes,HALE_hommes,HALE_WMGap
Brésil,2000,62.73705541,59.17218143,3.5648739800000016
Brésil,2001,62.96384211,59.38994335,3.5738987599999987
Brésil,2002,63.09142906,59.57840052,3.5130285400000005
Brésil,2003,63.26572255,59.78503628,3.4806862699999996
Brésil,2004,63.3755438,59.96353312,3.4120106800000016
Brésil,2005,63.79896326,60.49942617,3.299537090000001
Brésil,2006,63.97598566,60.7098367,3.2661489600000024
Brésil,2007,64.28673344,60.9658145,3.3209189400000056
Brésil,2008,64.54378131,61.13609506,3.4076862499999976
Brésil,2009,64.75405725,61.31274397,3.441313280000003
Brésil,2010,64.90873098,61.41090354,3.497827440000002
Brésil,2011,64.98965948,61.53601601,3.453643470000003
Brésil,2012,65.25472926,61.72841582,3.5263134400000027
Brésil,2013,65.41775961,61.8642389,3.553520710000008
Brésil,2014,65.62459321,62.0320852,3.592508010000003
Brésil,2015,65.65093832,62.17193655,3.4790017699999964
Brésil,2016,65.59333101,62.02352223,3.5698087800000025
Brésil,2017,65.89755108,62.39000625,3.5075448300000005
Brésil,2018,66.06457216,62.72618106,3.3383910999999955
Brésil,2019,66.07421869,62.96217764,3.112041049999995
Brésil,2020,64.96409633,61.62273667,3.341359660000002
Brésil,2021,63.40577936,60.29978677,3.1059925899999996
Canada,2000,69.52741814,67.47391933,2.0534988099999936
Canada,2001,69.63917018,67.64712074,1.9920494399999882
Canada,2002,69.61643547,67.78155429,1.8348811799999964
Canada,2003,69.74019122,67.82404319,1.9161480300000022
Canada,2004,69.87018078,68.0373258,1.8328549799999934
Canada,2005,69.90944105,68.09697238,1.8124686700000012
Canada,2006,70.15828978,68.41600313,1.742286649999997
Canada,2007,70.14890041,68.42299161,1.7259087999999991
Canada,2008,70.21534815,68.58303311,1.6323150399999946
Canada,2009,70.37633071,68.85009156,1.5262391500000092
Canada,2010,70.52505683,69.07185008,1.4532067499999926
Canada,2011,70.64127492,69.35371898,1.2875559400000043
Canada,2012,70.69986788,69.40987981,1.2899880699999926
Canada,2013,70.72810859,69.48531549,1.2427931
Canada,2014,70.76549767,69.50468309,1.2608145800000017
Canada,2015,70.76312083,69.57702898,1.186091850000011
Canada,2016,70.79503171,69.59268933,1.2023423800000046
Canada,2017,70.79007395,69.47625536,1.3138185899999968
Canada,2018,70.73784447,69.48382683,1.2540176400000007
Canada,2019,70.91261404,69.65790446,1.2547095799999965
Canada,2020,70.32963242,68.90955799,1.4200744299999997
Canada,2021,70.6360126,68.92993444,1.7060781600000041
Chili,2000,67.42466079,65.03879375,2.385867040000008
Chili,2001,67.38995778,64.97548596,2.414471820000003
Chili,2002,67.77493845,65.39181963,2.383118819999993
Chili,2003,67.72696134,65.52432494,2.202636400000003
Chili,2004,67.70634744,65.63042978,2.0759176600000018
Chili,2005,67.97478822,65.99886824,1.9759199800000005
Chili,2006,68.29847252,66.39858289,1.899889630000004
Chili,2007,68.40643507,66.45510618,1.9513288899999992
Chili,2008,69.0342241,66.98159015,2.0526339500000006
Chili,2009,69.06126679,66.79741928,2.263847510000005
Chili,2010,68.88350807,66.7925029,2.0910051700000025
Chili,2011,69.30428558,67.37210135,1.9321842300000043
Chili,2012,69.21528682,67.50275572,1.7125311000000067
Chili,2013,69.44274851,67.57649272,1.8662557899999968
Chili,2014,69.47272967,67.66384687,1.8088828000000063
Chili,2015,69.56242407,67.81038691,1.7520371600000004
Chili,2016,69.72560447,68.12969537,1.5959091
Chili,2017,69.83427487,68.33517199,1.4991028799999953
Chili,2018,70.01473225,68.58181498,1.4329172699999901
Chili,2019,70.05460077,68.64629464,1.4083061299999997
Chili,2020,69.16406212,67.51275449,1.651307629999991
Chili,2021,68.27301609,67.05386245,1.2191536400000018
Chine,2000,64.42400605,61.98126682,2.442739230000001
Chine,2001,64.7301134,62.23503652,2.495076879999992
Chine,2002,65.05827229,62.49783916,2.560433130000007
Chine,2003,65.3364924,62.7013046,2.635187799999997
Chine,2004,65.60769232,62.91142904,2.6962632799999966
Chine,2005,66.06696399,63.32482356,2.7421404300000063
Chine,2006,66.77254948,63.97423813,2.7983113499999916
Chine,2007,67.30572264,64.39286558,2.9128570599999932
Chine,2008,67.49669432,64.53841561,2.958278710000002
Chine,2009,67.95006331,64.82082391,3.129239400000003
Chine,2010,68.21926451,65.02937607,3.1898884400000043
Chine,2011,68.51720724,65.33528978,3.181917460000008
Chine,2012,68.93976748,65.61668819,3.3230792899999955
Chine,2013,69.2339325,65.87651749,3.357415009999997
Chine,2014,69.48707536,66.14612545,3.340949910000006
Chine,2015,69.73485974,66.36438367,3.3704760700000094
Chine,2016,69.85790918,66.5288309,3.3290782799999903
Chine,2017,69.94035384,66.71426319,3.2260906500000033
Chine,2018,69.99932618,66.8648497,3.1344764800000036
Chine,2019,70.08088398,66.99213677,3.088747209999994
Chine,2020,70.27131344,66.95419943,3.3171140099999974
Chine,2021,70.07649883,67.21299995,2.8634988800000087
Côte d'Ivoire,2000,45.47425833,43.96984968,1.504408649999995
Côte d'Ivoire,2001,45.68048006,44.3297093,1.3507707600000032
Côte d'Ivoire,2002,45.98713984,44.56653956,1.420600279999995
Côte d'Ivoire,2003,46.3219491,44.94922701,1.3727220899999963
Côte d'Ivoire,2004,46.88495479,45.46348778,1.4214670100000006
Côte d'Ivoire,2005,47.83409205,46.30840309,1.5256889600000036
Côte d'Ivoire,2006,48.82873712,47.16133999,1.6673971299999977
Côte d'Ivoire,2007,49.57582804,47.8506903,1.725137740000001
Côte d'Ivoire,2008,50.37733348,48.54655717,1.8307763099999974
Côte d'Ivoire,2009,50.84920549,49.14417088,1.7050346100000056
Côte d'Ivoire,2010,50.84747627,49.40215076,1.4453255100000035
Côte d'Ivoire,2011,51.21168393,49.45503536,1.756648570000003
Côte d'Ivoire,2012,52.33645549,50.1266642,2.2097912899999983
Côte d'Ivoire,2013,53.17228141,50.65517123,2.517110179999996
Côte d'Ivoire,2014,53.76802938,51.36919898,2.3988304000000014
Côte d'Ivoire,2015,54.4910548,52.13334162,2.3577131799999975
Côte d'Ivoire,2016,55.07431435,52.72973965,2.3445747000000026
Côte d'Ivoire,2017,55.64891674,53.29205409,2.3568626499999965
Côte d'Ivoire,2018,56.18005281,53.87126931,2.308783499999997
Côte d'Ivoire,2019,56.64468725,54.41874137,2.2259458799999976
Côte d'Ivoire,2020,56.50795732,54.28123311,2.2267242100000004
Côte d'Ivoire,2021,56.39795644,54.5798049,1.8181515400000023
France,2000,69.70473877,66.20633447,3.4984043000000042
France,2001,69.71185378,66.31830992,3.393543859999994
France,2002,69.71652331,66.51178438,3.204738930000005
France,2003,69.60333696,66.58096418,3.0223727799999978
France,2004,70.17605105,67.23455222,2.9414988300000005
France,2005,70.16709032,67.2730075,2.894082819999994
France,2006,70.51730892,67.63943037,2.8778785500000055
France,2007,70.7324845,67.85361506,2.8788694400000026
France,2008,70.71387539,68.03438491,2.6794904799999983
France,2009,70.8411392,68.1835548,2.6575844000000046
France,2010,70.97593422,68.34286264,2.633071579999992
France,2011,71.20277366,68.64929393,2.5534797300000065
France,2012,71.15113542,68.78225035,2.3688850700000046
France,2013,71.30321652,69.01844495,2.2847715700000037
France,2014,71.5607481,69.40509366,2.155654439999992
France,2015,71.28966996,69.12206088,2.167609079999991
France,2016,71.40730391,69.34612462,2.0611792899999983
France,2017,71.40578134,69.54588268,1.859898659999999
France,2018,71.51484666,69.63062536,1.8842213000000072
France,2019,71.59532003,69.77737462,1.817945409999993
France,2020,70.95556979,69.16311752,1.7924522699999983
France,2021,70.98477826,69.14204212,1.8427361399999995
Allemagne,2000,68.55691122,66.20482729,2.3520839300000063
Allemagne,2001,68.71700508,66.53593701,2.181068070000009
Allemagne,2002,68.63623535,66.65145135,1.9847840000000048
Allemagne,2003,68.60394052,66.68256965,1.9213708699999898
Allemagne,2004,68.91194666,67.17878574,1.733160920000003
Allemagne,2005,68.99690471,67.37231602,1.624588689999996
Allemagne,2006,69.23194581,67.71377082,1.5181749900000057
Allemagne,2007,69.35098868,67.85316295,1.4978257300000024
Allemagne,2008,69.33350051,68.00966715,1.3238333599999947
Allemagne,2009,69.38844327,68.1170508,1.271392469999995
Allemagne,2010,69.48684462,68.28355449,1.2032901299999992
Allemagne,2011,69.62000293,68.54690115,1.0731017800000018
Allemagne,2012,69.66271039,68.7068977,0.9558126900000019
Allemagne,2013,69.45938517,68.45652946,1.0028557100000057
Allemagne,2014,69.76182475,68.78944342,0.9723813300000046
Allemagne,2015,69.50817284,68.56747372,0.940699120000005
Allemagne,2016,69.69170197,68.72564059,0.9660613799999993
Allemagne,2017,69.69475948,68.84352305,0.8512364300000002
Allemagne,2018,69.63010127,68.7647781,0.8653231699999964
Allemagne,2019,69.85817732,68.99588905,0.8622882699999934
Allemagne,2020,69.68835815,68.76247679,0.9258813600000053
Allemagne,2021,69.40857981,68.4348636,0.9737162100000063
Inde,2000,54.00054089,54.24475317,-0.24421227999999928
Inde,2001,54.47267959,54.56771683,-0.09503724000000346
Inde,2002,54.91205102,55.00270641,-0.090655390000002
Inde,2003,55.36222125,55.3144743,0.04774694999999696
Inde,2004,55.91309042,55.5891125,0.32397792000000436
Inde,2005,56.28125866,56.00466602,0.27659263999999695
Inde,2006,56.59716172,56.3359724,0.2611893199999997
Inde,2007,56.92158781,56.50574695,0.41584085999999587
Inde,2008,57.32395543,56.74744042,0.5765150100000014
Inde,2009,57.85807139,57.23882828,0.6192431099999993
Inde,2010,58.31033742,57.54591286,0.7644245600000019
Inde,2011,58.65777136,57.85252467,0.805246689999997
Inde,2012,58.86118971,58.29319195,0.5679977599999972
Inde,2013,59.10124233,58.60849267,0.4927496600000012
Inde,2014,59.48405832,58.96730638,0.516751940000006
Inde,2015,59.77947299,59.4162709,0.3632020900000015
Inde,2016,60.0683294,59.82897845,0.23935095000000217
Inde,2017,60.33212987,60.14326553,0.18886434000000207
Inde,2018,60.69479589,60.40144493,0.29335096000000505
Inde,2019,61.08155839,60.69634235,0.385216039999996
Inde,2020,60.70771691,60.05110599,0.6566109199999985
Inde,2021,58.34834394,57.97233906,0.37600487999999643
Indonésie,2000,59.81645096,59.0519223,0.7645286599999963
Indonésie,2001,60.04666867,59.28369662,0.7629720500000019
Indonésie,2002,60.3009734,59.46214261,0.8388307899999958
Indonésie,2003,60.54336132,59.62967053,0.913690790000004
Indonésie,2004,58.97027922,58.55394826,0.41633096000000336
Indonésie,2005,61.00797276,59.92558183,1.0823909300000025
Indonésie,2006,61.18082784,60.07864814,1.1021797000000007
Indonésie,2007,61.47448111,60.23454444,1.2399366699999987
Indonésie,2008,61.70686155,60.3953855,1.311476049999996
Indonésie,2009,61.92945371,60.5292702,1.400183509999998
Indonésie,2010,62.15616969,60.70094021,1.4552294799999999
Indonésie,2011,62.41739785,60.95100183,1.4663960199999977
Indonésie,2012,62.65909911,61.17566378,1.483435329999999
Indonésie,2013,62.88988964,61.39351147,1.4963781699999998
Indonésie,2014,63.11937027,61.6013382,1.5180320699999967
Indonésie,2015,63.33255012,61.79681338,1.5357367399999973
Indonésie,2016,63.53660497,61.9954902,1.54111477
Indonésie,2017,63.73132014,62.17256596,1.558754180000001
Indonésie,2018,63.88317821,62.3114276,1.5717506099999952
Indonésie,2019,64.09340974,62.47943333,1.6139764099999994
Indonésie,2020,62.97012859,60.94041799,2.0297106000000014
Indonésie,2021,61.47346438,59.88729044,1.586173940000002
Iran,2000,63.54689856,62.97235071,0.5745478500000019
Iran,2001,63.76845634,63.19079697,0.5776593699999992
Iran,2002,64.01346765,63.34112771,0.6723399399999934
Iran,2003,63.36344757,62.86913154,0.49431603000000024
Iran,2004,64.55862364,63.60489559,0.9537280499999952
Iran,2005,64.84059234,63.80171474,1.0388775999999993
Iran,2006,65.11649711,63.99441283,1.1220842799999957
Iran,2007,65.37712188,64.23930447,1.137817410000011
Iran,2008,65.60925308,64.49963016,1.1096229200000067
Iran,2009,65.7811075,64.77136827,1.009739230000008
Iran,2010,65.92847627,65.10860146,0.8198748100000017
Iran,2011,66.06605332,65.44482613,0.621227189999999
Iran,2012,66.16649792,65.69547565,0.47102226999999175
Iran,2013,66.194581,65.86114093,0.33344006999999465
Iran,2014,66.2415034,65.99876243,0.24274096999999983
Iran,2015,66.23640351,66.0205709,0.21583261000000675
Iran,2016,66.28264668,66.17750312,0.10514356000000191
Iran,2017,66.35466403,66.32148701,0.03317701999999656
Iran,2018,66.52119852,66.50576685,0.015431669999998121
Iran,2019,66.60223543,66.60255329,-0.0003178600000097731
Iran,2020,64.69829202,64.23441189,0.4638801299999926
Iran,2021,63.97283837,63.9713506,0.0014877699999971128
Japon,2000,73.10870415,68.95828184,4.150422309999996
Japon,2001,73.31857843,69.21422457,4.104353860000003
Japon,2002,73.50116462,69.41674481,4.08441981
Japon,2003,73.54687598,69.45109438,4.095781599999995
Japon,2004,73.6824473,69.65661849,4.025828810000007
Japon,2005,73.6187892,69.57454691,4.04424229
Japon,2006,73.80405215,69.90636957,3.8976825800000086
Japon,2007,73.89855342,70.0711221,3.8274313200000023
Japon,2008,73.90810909,70.18571396,3.7223951299999953
Japon,2009,74.13905987,70.43668727,3.702372600000004
Japon,2010,74.06837747,70.45478437,3.613593100000003
Japon,2011,73.73214243,70.41453747,3.317604959999997
Japon,2012,74.18229803,70.81776039,3.3645376399999947
Japon,2013,74.33472409,71.06234321,3.27238088
Japon,2014,74.47565659,71.29826192,3.177394669999998
Japon,2015,74.61257505,71.5061267,3.106448350000008
Japon,2016,74.72154619,71.68387317,3.0376730199999997
Japon,2017,74.85942448,71.81575448,3.043670000000006
Japon,2018,74.92681114,71.97143367,2.955377470000002
Japon,2019,75.01396161,72.08511461,2.9288469999999904
Japon,2020,75.11341707,72.10203502,3.0113820499999946
Japon,2021,74.80869165,71.93146662,2.8772250300000053
Mexique,2000,65.28352025,62.9248523,2.3586679499999974
Mexique,2001,65.46507948,63.27113285,2.1939466299999992
Mexique,2002,65.53125627,63.29281136,2.2384449099999983
Mexique,2003,65.56029844,63.35007068,2.210227759999995
Mexique,2004,65.83584596,63.69229629,2.1435496699999987
Mexique,2005,65.77207507,63.61051997,2.161555100000001
Mexique,2006,66.08626519,63.86950207,2.216763120000003
Mexique,2007,66.1965356,64.00132175,2.195213850000002
Mexique,2008,66.01135373,63.51256079,2.498792939999994
Mexique,2009,66.06027715,63.47200779,2.5882693600000053
Mexique,2010,66.0308044,63.26559989,2.7652045099999967
Mexique,2011,66.40828722,63.58837499,2.819912230000007
Mexique,2012,66.5529899,63.81284173,2.7401481699999977
Mexique,2013,66.74185307,64.1199988,2.62185427
Mexique,2014,66.70300974,64.19356631,2.5094434300000046
Mexique,2015,66.77221729,64.23703916,2.5351781300000056
Mexique,2016,66.76312515,64.00698359,2.756141559999989
Mexique,2017,66.93279682,64.01087555,2.9219212699999986
Mexique,2018,67.04200296,63.99103446,3.0509685000000033
Mexique,2019,67.01759328,63.92217391,3.095419370000002
Mexique,2020,63.89111276,59.49853619,4.392576569999996
Mexique,2021,63.51956352,59.4921607,4.027402819999999
Maroc,2000,60.33454825,61.05424214,-0.7196938900000021
Maroc,2001,60.49724051,61.30445137,-0.807210860000005
Maroc,2002,60.5558651,61.6712411,-1.1153760000000048
Maroc,2003,60.67580152,61.7551185,-1.0793169800000015
Maroc,2004,60.780988,61.87762995,-1.0966419499999986
Maroc,2005,60.93500994,62.04494292,-1.1099329799999964
Maroc,2006,61.07385866,62.22373556,-1.1498769000000024
Maroc,2007,61.19463554,62.40475533,-1.2101197900000003
Maroc,2008,61.41655667,62.62607141,-1.209514740000003
Maroc,2009,61.62276737,62.86952274,-1.2467553700000025
Maroc,2010,61.78613444,63.05135044,-1.2652160000000023
Maroc,2011,61.96295588,63.2160696,-1.2531137199999947
Maroc,2012,62.14068525,63.37577523,-1.235089980000005
Maroc,2013,62.31391675,63.52791861,-1.2140018600000033
Maroc,2014,62.45861194,63.65452083,-1.1959088900000054
Maroc,2015,62.59975875,63.75786244,-1.1581036899999972
Maroc,2016,62.74730354,63.86046232,-1.1131587800000062
Maroc,2017,62.86737773,63.96288846,-1.0955107300000009
Maroc,2018,62.91637839,64.04185159,-1.1254731999999947
Maroc,2019,63.04346629,64.1313238,-1.0878575100000063
Maroc,2020,62.08906222,62.67671702,-0.5876547999999957
Maroc,2021,61.84438848,62.8192999,-0.974911419999998
Nigeria,2000,46.96187893,46.31677082,0.6451081099999953
Nigeria,2001,47.28917444,46.74427454,0.5448998999999972
Nigeria,2002,47.72381831,47.22001857,0.503799739999998
Nigeria,2003,48.26217155,47.81233174,0.4498398100000003
Nigeria,2004,48.8260246,48.34319648,0.48282811999999353
Nigeria,2005,49.42969231,49.0016843,0.4280080099999992
Nigeria,2006,50.00572132,49.55294869,0.45277262999999834
Nigeria,2007,50.55775194,50.15342377,0.40432816999999943
Nigeria,2008,51.09274831,50.70272616,0.39002215000000007
Nigeria,2009,51.62370413,51.21538273,0.4083213999999984
Nigeria,2010,52.06666039,51.66279881,0.4038615800000045
Nigeria,2011,52.43033258,52.04008792,0.39024466000000047
Nigeria,2012,52.86179237,52.41008587,0.45170650000000023
Nigeria,2013,53.30546147,52.68930024,0.6161612299999959
Nigeria,2014,53.65509121,52.94294238,0.7121488300000038
Nigeria,2015,53.91795965,53.29903102,0.6189286299999992
Nigeria,2016,54.1266879,53.65459041,0.472097490000003
Nigeria,2017,54.37820927,53.97600552,0.4022037499999982
Nigeria,2018,54.6540308,54.30115822,0.3528725800000032
Nigeria,2019,54.95370169,54.67803418,0.2756675100000052
Nigeria,2020,54.75575363,54.34486879,0.41088484000000136
Nigeria,2021,54.99447402,54.90533296,0.08914105999999578
Pérou,2000,66.12821024,64.7143328,1.4138774400000074
Pérou,2001,66.63943974,65.56879669,1.070643050000001
Pérou,2002,66.59831034,65.99517482,0.603135519999995
Pérou,2003,66.78425862,66.22336506,0.5608935599999967
Pérou,2004,67.40646944,66.6476734,0.7587960399999929
Pérou,2005,67.79460057,67.1393997,0.6552008700000016
Pérou,2006,68.34069888,67.52578368,0.8149152000000015
Pérou,2007,68.89678619,67.91780248,0.9789837099999943
Pérou,2008,69.02323246,68.16902961,0.8542028500000072
Pérou,2009,68.50417493,67.6543052,0.8498697300000089
Pérou,2010,68.64210168,67.73293114,0.909170539999991
Pérou,2011,68.9935197,68.08445309,0.9090666099999964
Pérou,2012,69.26881413,68.42249427,0.8463198599999942
Pérou,2013,69.59088326,68.8360075,0.7548757600000044
Pérou,2014,69.9973781,69.23381433,0.7635637700000046
Pérou,2015,70.32450313,69.44075909,0.8837440399999963
Pérou,2016,70.25883911,69.29344256,0.9653965499999941
Pérou,2017,69.54526741,68.83623227,0.7090351399999975
Pérou,2018,69.26663098,68.58257469,0.6840562900000009
Pérou,2019,68.85956279,67.96621623,0.8933465599999977
Pérou,2020,66.02418509,62.18211934,3.8420657500000033
Pérou,2021,64.54779803,61.61270779,2.935090239999994
Corée du Sud,2000,68.95858941,64.04444161,4.914147799999995
Corée du Sud,2001,69.44568406,64.63695076,4.8087333
Corée du Sud,2002,69.62148702,65.05457952,4.566907499999999
Corée du Sud,2003,69.9651613,65.44162116,4.523540140000009
Corée du Sud,2004,70.30661192,65.84802294,4.458588979999988
Corée du Sud,2005,70.51829559,66.27899234,4.239303249999992
Corée du Sud,2006,70.96189575,66.74016468,4.22173106999999
Corée du Sud,2007,71.22726322,67.06990418,4.157359040000003
Corée du Sud,2008,71.68241326,67.40381483,4.278598430000002
Corée du Sud,2009,72.00079747,67.73872283,4.2620746399999945
Corée du Sud,2010,72.16236874,67.88569784,4.276670899999999
Corée du Sud,2011,72.43617333,68.21768755,4.218485780000009
Corée du Sud,2012,72.51831647,68.42316939,4.095147080000004
Corée du Sud,2013,72.82530182,68.86011426,3.965187560000004
Corée du Sud,2014,73.11212185,69.22524496,3.8868768899999964
Corée du Sud,2015,73.21460492,69.48949209,3.7251128300000005
Corée du Sud,2016,73.43450604,69.7949725,3.639533540000002
Corée du Sud,2017,73.73307918,70.14515954,3.5879196400000097
Corée du Sud,2018,73.81780459,70.25041123,3.567393359999997
Corée du Sud,2019,74.18892536,70.6243299,3.5645954599999925
Corée du Sud,2020,74.15522175,70.65481327,3.50040847999999
Corée du Sud,2021,74.07038296,70.65580786,3.4145751000000075
Russie,2000,62.01327471,51.90139484,10.111879869999996
Russie,2001,61.97045636,51.9145247,10.055931659999999
Russie,2002,61.80935363,51.85125723,9.958096399999995
Russie,2003,61.76914177,51.79343053,9.975711239999995
Russie,2004,62.13049528,52.12225091,10.00824437
Russie,2005,62.21322245,52.18759818,10.025624270000002
Russie,2006,62.88380511,53.43335269,9.450452419999998
Russie,2007,63.43486436,54.32075256,9.114111799999996
Russie,2008,63.66218612,54.74009726,8.922088860000002
Russie,2009,64.05689801,55.53399991,8.522898099999999
Russie,2010,64.21989469,55.83374614,8.386148550000001
Russie,2011,64.8251509,56.6848581,8.140292799999997
Russie,2012,65.05703468,57.15760165,7.899433030000004
Russie,2013,65.416466,57.6715135,7.744952499999997
Russie,2014,65.46108537,57.74646476,7.714620610000004
Russie,2015,65.74797532,58.44291963,7.305055689999996
Russie,2016,65.92647711,58.82244457,7.1040325399999915
Russie,2017,66.42446186,59.690772,6.733689859999991
Russie,2018,66.5258957,59.88462147,6.641274230000008
Russie,2019,66.84167586,60.40777743,6.433898429999992
Russie,2020,65.29588508,59.02108931,6.274795770000004
Russie,2021,63.62489832,58.16263545,5.462262869999996
Sénégal,2000,51.36977265,50.56632881,0.8034438399999999
Sénégal,2001,51.92903407,51.1866464,0.7423876699999994
Sénégal,2002,52.47430254,51.53861457,0.9356879699999965
Sénégal,2003,53.16889064,52.54167649,0.6272141500000004
Sénégal,2004,53.83135763,53.23993297,0.5914246600000013
Sénégal,2005,54.49055308,53.93447784,0.5560752399999984
Sénégal,2006,55.13091958,54.50760432,0.6233152599999983
Sénégal,2007,55.86514946,55.19498707,0.6701623899999944
Sénégal,2008,56.50425265,55.76696399,0.7372886599999973
Sénégal,2009,56.97254217,56.24330598,0.7292361899999946
Sénégal,2010,57.34923552,56.64328635,0.7059491700000038
Sénégal,2011,57.69244326,57.02846695,0.6639763099999954
Sénégal,2012,57.9487753,57.38725791,0.5615173899999988
Sénégal,2013,58.19502144,57.73187721,0.4631442299999975
Sénégal,2014,58.53281935,58.12883791,0.4039814399999955
Sénégal,2015,58.87293341,58.46902805,0.4039053600000031
Sénégal,2016,59.21163129,58.81336709,0.39826419999999985
Sénégal,2017,59.52727649,59.09265337,0.4346231199999977
Sénégal,2018,59.80396668,59.36876638,0.4352003000000053
Sénégal,2019,60.10558187,59.62043743,0.4851444399999991
Sénégal,2020,60.03114146,59.19714305,0.8339984099999995
Sénégal,2021,59.18867755,58.5845999,0.6040776500000007
Afrique du Sud,2000,50.63426362,47.88619909,2.7480645300000006
Afrique du Sud,2001,49.27948773,47.13213569,2.1473520400000012
Afrique du Sud,2002,47.71744775,46.15431806,1.5631296899999967
Afrique du Sud,2003,46.34014077,45.27442452,1.0657162500000013
Afrique du Sud,2004,45.57532745,44.88128869,0.6940387600000051
Afrique du Sud,2005,45.38874216,44.67129516,0.717447
Afrique du Sud,2006,45.52262122,44.63327506,0.8893461599999952
Afrique du Sud,2007,46.30399158,45.13559818,1.1683933999999994
Afrique du Sud,2008,47.24857547,45.82370958,1.4248658899999995
Afrique du Sud,2009,48.45015919,46.81966431,1.6304948800000005
Afrique du Sud,2010,49.99567027,48.2041057,1.7915645699999985
Afrique du Sud,2011,51.74941978,49.65355765,2.0958621299999933
Afrique du Sud,2012,53.40247702,50.78840029,2.6140767300000007
Afrique du Sud,2013,54.61789967,51.66265157,2.9552480999999986
Afrique du Sud,2014,55.20921553,52.22079358,2.988421950000003
Afrique du Sud,2015,55.65311465,52.61353987,3.0395747800000024
Afrique du Sud,2016,56.20118628,53.08098857,3.1201977099999993
Afrique du Sud,2017,56.8950756,53.78171191,3.11336369
Afrique du Sud,2018,57.34303467,54.24615932,3.096875350000005
Afrique du Sud,2019,57.72860198,54.65424951,3.074352470000001
Afrique du Sud,2020,55.91991043,54.08950457,1.830405859999999
Afrique du Sud,2021,53.79634979,51.66905251,2.1272972800000005
Espagne,2000,70.70272405,67.05005975,3.652664299999998
Espagne,2001,70.9068673,67.31653511,3.590332189999998
Espagne,2002,70.94105956,67.41804478,3.523014779999997
Espagne,2003,70.80510326,67.43110064,3.374002619999999
Espagne,2004,71.19155877,67.83483538,3.356723389999999
Espagne,2005,71.14467076,67.90319812,3.241472639999998
Espagne,2006,71.51087603,68.42812855,3.082747480000009
Espagne,2007,71.42855596,68.49466345,2.9338925099999926
Espagne,2008,71.49510675,68.82187517,2.6732315800000066
Espagne,2009,71.65692622,69.1588317,2.4980945200000093
Espagne,2010,71.87050194,69.4605063,2.409995639999991
Espagne,2011,71.86146306,69.63166663,2.2297964300000075
Espagne,2012,71.87993366,69.81188335,2.068050310000004
Espagne,2013,72.1166836,70.26170864,1.854974960000007
Espagne,2014,72.10824801,70.39057777,1.717670240000004
Espagne,2015,71.90203448,70.25673434,1.6453001400000034
Espagne,2016,72.17664353,70.52945348,1.647190050000006
Espagne,2017,72.08609922,70.55917318,1.5269260399999922
Espagne,2018,72.17505706,70.61259897,1.562458090000007
Espagne,2019,72.42053783,70.89741437,1.5231234599999937
Espagne,2020,71.343877,69.88416377,1.4597132300000055
Espagne,2021,71.83391923,70.33432762,1.4995916100000102
Suède,2000,69.98301409,68.46922759,1.5137864999999948
Suède,2001,70.01738304,68.60145992,1.4159231200000022
Suède,2002,70.04339308,68.77178661,1.2716064699999947
Suède,2003,70.26748985,68.93604633,1.3314435200000077
Suède,2004,70.43139127,69.27712935,1.1542619200000104
Suède,2005,70.50707109,69.33810204,1.1689690500000012
Suède,2006,70.59881415,69.53608156,1.062732589999996
Suède,2007,70.65334273,69.70259919,0.9507435400000048
Suède,2008,70.75537727,69.81755506,0.9378222099999931
Suède,2009,70.88446241,69.97413471,0.9103276999999963
Suède,2010,70.98835245,70.11871215,0.8696403000000004
Suède,2011,71.09904716,70.30542108,0.7936260799999957
Suède,2012,70.9603477,70.30893804,0.6514096599999988
Suède,2013,71.02318444,70.40712326,0.6160611799999884
Suède,2014,71.21421227,70.56690212,0.6473101500000098
Suède,2015,71.10654755,70.3869416,0.7196059500000018
Suède,2016,71.15725033,70.69098184,0.46626848999999027
Suède,2017,71.1221971,70.80455004,0.31764705999999876
Suède,2018,71.17330467,70.90877911,0.2645255599999956
Suède,2019,71.46132855,71.32730344,0.13402511000001027
Suède,2020,70.85142707,70.58654386,0.2648832099999936
Suède,2021,71.17099204,71.03106916,0.1399228800000003
Suisse,2000,69.54125302,67.04195872,2.4992943000000025
Suisse,2001,69.84421451,67.37061825,2.4735962599999937
Suisse,2002,69.9954559,67.8134902,2.181965699999992
Suisse,2003,70.06954343,67.92871516,2.14082827
Suisse,2004,70.4938077,68.38704024,2.1067674600000004
Suisse,2005,70.68063589,68.54939669,2.13123920000001
Suisse,2006,70.74628656,68.87588148,1.8704050799999976
Suisse,2007,70.78783559,69.07320889,1.7146266999999966
Suisse,2008,70.87200613,69.31133024,1.5606758899999988
Suisse,2009,70.82395317,69.3491146,1.4748385700000028
Suisse,2010,70.91950063,69.69496652,1.2245341100000076
Suisse,2011,71.06104469,69.84432026,1.2167244299999993
Suisse,2012,71.01608762,70.01097714,1.005110479999999
Suisse,2013,71.1189951,70.07634717,1.042647930000001
Suisse,2014,71.35062432,70.41463233,0.9359919899999909
Suisse,2015,71.20281499,70.24974614,0.953068849999994
Suisse,2016,71.40672006,70.90788961,0.4988304499999998
Suisse,2017,71.53570331,70.84853514,0.6871681700000067
Suisse,2018,71.5362011,71.12289859,0.41330250999999407
Suisse,2019,71.66858524,71.33081959,0.33776564999999437
Suisse,2020,71.15009547,70.53943371,0.6106617599999993
Suisse,2021,71.34745765,70.90932941,0.4381282399999975
Togo,2000,49.70619839,48.39490147,1.3112969199999966
Togo,2001,49.72639019,48.47026504,1.2561251499999955
Togo,2002,49.79676596,48.60182423,1.1949417300000036
Togo,2003,49.98976978,48.67948519,1.310284590000002
Togo,2004,50.32447103,49.01258857,1.3118824599999996
Togo,2005,50.59737266,49.10527559,1.4920970699999998
Togo,2006,51.00397433,49.65972602,1.3442483099999976
Togo,2007,51.17571826,49.82889411,1.3468241499999962
Togo,2008,51.5141624,50.02531255,1.488849849999994
Togo,2009,52.00348857,50.4832465,1.5202420700000019
Togo,2010,52.58593875,51.02727039,1.5586683599999986
Togo,2011,53.14104122,51.60273097,1.538310249999995
Togo,2012,53.67232678,52.04274527,1.6295815100000013
Togo,2013,54.22191963,52.31853355,1.9033860800000042
Togo,2014,54.68856145,52.61161631,2.0769451399999994
Togo,2015,55.05854475,53.03079882,2.027745930000002
Togo,2016,55.49907417,53.45394077,2.0451333999999974
Togo,2017,56.06081082,53.8409019,2.2199089200000017
Togo,2018,56.51002876,54.28612966,2.223899099999997
Togo,2019,56.9120739,54.83284475,2.0792291500000033
Togo,2020,57.11258638,54.91622881,2.1963575700000035
Togo,2021,56.79332679,55.00928977,1.7840370199999995
Turquie,2000,65.28109361,62.02082198,3.2602716299999983
Turquie,2001,65.7478627,62.63158981,3.1162728899999976
Turquie,2002,66.23384959,63.23021977,3.0036298200000076
Turquie,2003,66.62768871,63.62028444,3.007404270000002
Turquie,2004,66.99200833,64.03707865,2.9549296800000064
Turquie,2005,67.21779425,64.36681085,2.850983400000004
Turquie,2006,67.47099867,64.68779944,2.783199229999994
Turquie,2007,67.492552,65.00367274,2.4888792600000045
Turquie,2008,67.2870558,65.24769491,2.0393608899999975
Turquie,2009,67.0098297,65.20504329,1.8047864099999913
Turquie,2010,67.15893963,65.34189834,1.817041290000006
Turquie,2011,67.29744616,65.4882774,1.8091687600000057
Turquie,2012,67.41402125,65.55338153,1.8606397200000089
Turquie,2013,67.40818893,65.53869225,1.8694966799999975
Turquie,2014,67.23017184,65.60707119,1.6231006499999978
Turquie,2015,67.10691683,65.6930191,1.4138977300000022
Turquie,2016,67.12387703,65.7168601,1.4070169299999975
Turquie,2017,67.38128688,66.13612166,1.245165220000004
Turquie,2018,67.74180959,66.53422361,1.2075859800000046
Turquie,2019,67.80004271,66.63006935,1.1699733600000002
Turquie,2020,66.76725636,65.27405542,1.4932009400000084
Turquie,2021,65.9357532,64.483547,1.452206199999992
Royaume-Uni,2000,68.11415957,66.35936978,1.7547897900000038
Royaume-Uni,2001,68.1701508,66.44308493,1.727065870000004
Royaume-Uni,2002,68.25951381,66.58053875,1.678975059999999
Royaume-Uni,2003,68.21703042,66.77248594,1.4445444800000047
Royaume-Uni,2004,68.58411852,67.20184176,1.3822767600000105
Royaume-Uni,2005,68.72508423,67.42923835,1.2958458799999875
Royaume-Uni,2006,68.92956207,67.64892061,1.2806414599999982
Royaume-Uni,2007,69.02322156,67.8111552,1.2120663599999943
Royaume-Uni,2008,69.04183684,67.94048354,1.1013532999999995
Royaume-Uni,2009,69.37988708,68.27217522,1.107711860000009
Royaume-Uni,2010,69.46645691,68.51433702,0.9521198900000059
Royaume-Uni,2011,69.7235274,68.82022979,0.9032976099999956
Royaume-Uni,2012,69.66408131,68.9243213,0.7397600099999977
Royaume-Uni,2013,69.72613833,68.9363599,0.7897784299999984
Royaume-Uni,2014,69.88727004,69.12090385,0.7663661899999994
Royaume-Uni,2015,69.69634418,68.95208085,0.7442633299999954
Royaume-Uni,2016,69.78599986,69.06428264,0.7217172200000022
Royaume-Uni,2017,69.88904423,69.1639213,0.7251229299999977
Royaume-Uni,2018,69.67764262,68.93805124,0.7395913800000073
Royaume-Uni,2019,70.07471052,69.38015713,0.6945533899999958
Royaume-Uni,2020,69.19881042,68.29655109,0.9022593300000068
Royaume-Uni,2021,69.02959379,68.23656929,0.7930245000000014
États-Unis,2000,66.38481773,64.19437823,2.1904394999999965
États-Unis,2001,66.41973532,64.24406806,2.1756672599999973
États-Unis,2002,66.49152957,64.31583697,2.1756925999999908
États-Unis,2003,66.59464353,64.41363117,2.181012359999997
États-Unis,2004,66.86590903,64.71736882,2.148540209999993
États-Unis,2005,66.87921687,64.68768591,2.1915309599999944
États-Unis,2006,67.06578579,64.88246017,2.183325620000005
États-Unis,2007,67.20843177,65.06104137,2.147390400000006
États-Unis,2008,67.22994019,65.16948794,2.0604522499999973
États-Unis,2009,67.42677741,65.41915635,2.0076210600000053
États-Unis,2010,67.51606335,65.55914247,1.9569208799999984
États-Unis,2011,67.48479146,65.60183355,1.8829579100000018
États-Unis,2012,67.50919225,65.64825498,1.8609372699999938
États-Unis,2013,67.44114438,65.60267172,1.8384726599999937
États-Unis,2014,67.39484893,65.58693156,1.8079173699999984
États-Unis,2015,67.21480395,65.39346072,1.8213432300000107
États-Unis,2016,67.11027511,65.22738668,1.8828884300000084
États-Unis,2017,66.95622792,65.10429992,1.851928000000001
États-Unis,2018,66.92330701,65.1251458,1.7981612100000035
États-Unis,2019,66.92790292,65.12712594,1.8007769799999949
États-Unis,2020,65.5354224,63.3690101,2.1664123000000046
États-Unis,2021,65.11705338,62.76627405,2.3507793300000017
